Row,Product ID,Name,Retailer,Product URL,Image URL,Description,Price,Category,Gender,Has Image,Has Description,Description Length
1,cmu5jmk2600wsksb0f0nc5uip,"1990s Vintage Circular Drop Earrings","susancaplan.co.uk",https://susancaplan.co.uk/products/1990s-vintage-gold-plated-drop-post-earrings,,"Source: K",35,"Jewellery",FEMALE,No,No,9
2,cmu5bzmel002bksb0xdphatym,"6 x Lehmann Synergie 60cl Collection Signature P. Jamesse","Sip Champagnes",https://sipchampagnes.com/products/6-x-lehmann-synergie-60cl-collection-signature-p-jamesse?variant=40337805541511&country=GB,,"Source: K",290,"Food & Drink > Wine, beer & drinks",UNISEX,No,No,9
3,cmu5jkjay00joksb0nyoeuiqm,"6 x Lehmann Synergie 60cl Collection Signature P. Jamesse","Sip Champagnes",https://sipchampagnes.com/products/6-x-lehmann-synergie-60cl-collection-signature-p-jamesse?variant=40337805541511&country=GB,,"Source: K",290,"Food & Drink > Wine, beer & drinks",UNISEX,No,No,9
4,cmu5jl9gx00ogksb0cftmapnp,"Accurist Everyday Blue Dial Mens Watch","Goldsmiths",https://www.goldsmiths.co.uk/Accurist-Everyday-Blue-Dial-Mens-Watch-74015/p/17451249,,"Source: K",109,"Home, Style & Objects > Watches",MALE,No,No,9
5,cmu5c0oyx008mksb0q9ljf2bf,"Accurist Everyday Blue Dial Mens Watch","Goldsmiths",https://www.goldsmiths.co.uk/Accurist-Everyday-Blue-Dial-Mens-Watch-74015/p/17451249,,"Source: K",109,"Home, Style & Objects > Watches",MALE,No,No,9
6,cmu5c1u3j00f7ksb04ak0k55d,"Adidas Logo Plaque Shoulder Bag in Black","Farfetch",https://www.farfetch.com/uk/shopping/women/adidas-logo-plaque-shoulder-bag-item-37229084.aspx?ffd=1,,"30 day free returns.
Occasion: Any occasion
Source: M",39,"Home, Style & Objects > Fashion & accessories",FEMALE,No,Yes,53
7,cmu5jm1ow00tkksb0hhm1wjst,"Adidas Logo Plaque Shoulder Bag in Black","Farfetch",https://www.farfetch.com/uk/shopping/women/adidas-logo-plaque-shoulder-bag-item-37229084.aspx?ffd=1,,"30 day free returns.
Occasion: Any occasion
Source: M",39,"Home, Style & Objects > Fashion & accessories",FEMALE,No,Yes,53
8,cmu5jnaty010zksb0w6nozr0t,"Aerobie Pro Ring","Oddballs",https://www.oddballs.co.uk/products/aerobie-pro-ring-13-flying-disc?variant=46318256455984,,"Source: K",12.99,"Children",MALE,No,No,9
9,cmu5jo731013bksb0dbch1pkh,"Aerobie Pro Ring","Oddballs",https://www.oddballs.co.uk/products/aerobie-pro-ring-13-flying-disc?variant=46318256455984,,"Source: K",12.99,"Children",UNISEX,No,No,9
10,cmu5jl2ev00n2ksb0clbv9rac,"Aesop Resurrection Aromatique Hand Wash 500ml","Selfridges",https://www.selfridges.com/GB/en/product/aesop-resurrection-aromatique-hand-wash-500ml_333-3002233-B500BT13,,"Source: K",34,"Lifestyle & Wellbeing > Beauty & Skincare",UNISEX,No,No,9
11,cmu5c0fi6006xksb0yqtgcjct,"Aesop Resurrection Aromatique Hand Wash 500ml","Selfridges",https://www.selfridges.com/GB/en/product/aesop-resurrection-aromatique-hand-wash-500ml_333-3002233-B500BT13,,"Source: K",34,"Lifestyle & Wellbeing > Beauty & Skincare",UNISEX,No,No,9
12,cmu5jl1vd00myksb0f4tkwxp0,"Amethyst Cathedral","Moon and Earth Crystals",https://moonandearthcrystals.shop/products/amethyst-cathedral-1?variant=53617386193243&country=GB&currency=GBP,,"Source: K",365,"Lifestyle & Wellbeing > Spirituality",UNISEX,No,No,9
13,cmu5c0eqk006sksb05joel0je,"Amethyst Cathedral","Moon and Earth Crystals",https://moonandearthcrystals.shop/products/amethyst-cathedral-1?variant=53617386193243&country=GB&currency=GBP,,"Source: K",365,"Lifestyle & Wellbeing > Spirituality",UNISEX,No,No,9
14,cmu5jm6bd00uiksb0u8cn70ok,"Andiamo Badge Holder in Basil Green","Bottega Veneta",https://www.bottegaveneta.com/en-gb/andiamo-badge-holder-basil-861700VCPP23780.html,,"Free express shipping. Also available in black.
Occasion: Any occasion
Source: M",800,"Home, Style & Objects > Fashion & accessories",FEMALE,No,Yes,80
15,cmu5c20rh00geksb08kkpvjl8,"Andiamo Badge Holder in Basil Green","Bottega Veneta",https://www.bottegaveneta.com/en-gb/andiamo-badge-holder-basil-861700VCPP23780.html,,"Free express shipping. Also available in black.
Occasion: Any occasion
Source: M",800,"Home, Style & Objects > Fashion & accessories",FEMALE,No,Yes,80
16,cmu5jnbds0112ksb0azx58w1o,"Anime Pinball","The Range",https://www.therange.co.uk/toys/electric-and-interactive-toys/interactive-toys/anime-pinball,,"Source: K",14.99,"Children",MALE,No,No,9
17,cmu5jn95y010qksb0ds8ehs9v,"Antarctic Animals Science Kit","Lego",https://www.lego.com/en-gb/product/antarctic-animals-science-kit-45201,,"Source: K",44.99,"Children",MALE,No,No,9
18,cmu5bzxr80043ksb0759ji9zm,"Appleton Estate 21 Year Old Rum","Whisky World",https://www.thewhiskyworld.com/appleton-estate-21-year-old-rum-gift-box-p10109/s10156,,"Source: K",99.9,"Food & Drink > Spirits & Cocktails > Rum",UNISEX,No,No,9
19,cmu5jkr6n00l0ksb0ly1fymq3,"Appleton Estate 21 Year Old Rum","Whisky World",https://www.thewhiskyworld.com/appleton-estate-21-year-old-rum-gift-box-p10109/s10156,,"Source: K",99.9,"Food & Drink > Spirits & Cocktails > Rum",UNISEX,No,No,9
20,cmu5c1zqk00g8ksb01e24rmxf,"Ara Leopard Print Tote bag","All Saints",https://www.allsaints.com/women/accessories/ara-leopard-print-tote-bag/W551XE-4125.html,,"popular style. Saturday delivery available, Payment plan options.
Occasion: Any occasion
Source: M",229,"Home, Style & Objects > Fashion & accessories",FEMALE,No,Yes,98
21,cmu5jm5rv00ueksb0o27n3p54,"Ara Leopard Print Tote bag","All Saints",https://www.allsaints.com/women/accessories/ara-leopard-print-tote-bag/W551XE-4125.html,,"popular style. Saturday delivery available, Payment plan options.
Occasion: Any occasion
Source: M",229,"Home, Style & Objects > Fashion & accessories",FEMALE,No,Yes,98
22,cmu5c17gp00boksb07ij4yo03,"ARC multi-tool","Leatherman",https://uk.leatherman.com/products/arc?variant=48845240074561,,"Source: K",260.95,"Home, Style & Objects > DIY and tools",UNISEX,No,No,9
23,cmu5jlmbd00quksb0hu0zz53s,"ARC multi-tool","Leatherman",https://uk.leatherman.com/products/arc?variant=48845240074561,,"Source: K",260.95,"Home, Style & Objects > DIY and tools",UNISEX,No,No,9
24,cmu5c0cop006fksb0mlxmqscz,"Aromotherapy diffuser","Rituals",https://www.rituals.com/en-gb/the-perfume-genie-3.0---gold-1119948.html,,"Source: K",114.9,"Lifestyle & Wellbeing > Home & interiors",UNISEX,No,No,9
25,cmu5jl0ii00moksb07kpj8wt5,"Aromotherapy diffuser","Rituals",https://www.rituals.com/en-gb/the-perfume-genie-3.0---gold-1119948.html,,"Source: K",114.9,"Lifestyle & Wellbeing > Home & interiors",UNISEX,No,No,9
26,cmu5jms2600y2ksb0na5qde86,"ARTEMIS Large Tassel Velvet Cushion - Blush","houseofhackney.com",https://www.houseofhackney.com/products/artemis-large-tassel-velvet-cushion-blush,,"Source: K",245,"Home and interiors",UNISEX,No,No,9
27,cmu5c0kcy007sksb0r43d9m1l,"Astley Clarke Interstellar Solitaire 14ct Yellow-Gold And 0.165ct Lab-Grown Diamond Bracelet","Selfridges",https://www.selfridges.com/GB/en/product/astley-clarke-interstellar-solitaire-14ct-yellow-gold-and-0165ct-lab-grown-diamond-bracelet_R04300616,,"Source: K",495,"Home, Style & Objects > Jewellery",FEMALE,No,No,9
28,cmu5jl5xn00nsksb0b9qhlz2p,"Astley Clarke Interstellar Solitaire 14ct Yellow-Gold And 0.165ct Lab-Grown Diamond Bracelet","Selfridges",https://www.selfridges.com/GB/en/product/astley-clarke-interstellar-solitaire-14ct-yellow-gold-and-0165ct-lab-grown-diamond-bracelet_R04300616,,"Source: K",495,"Home, Style & Objects > Jewellery",FEMALE,No,No,9
29,cmu5c1kf000dqksb0bx9hvfil,"Bamboo Bath Tray","Eco Bath London",https://ecobathlondon.com/products/eco-bath-bamboo-bath-tray,,"Source: G",44,"Home, Style & Objects > Home & interiors",UNISEX,No,No,9
30,cmu5jlv3o00sgksb01pt99d1f,"Bamboo Bath Tray","Eco Bath London",https://ecobathlondon.com/products/eco-bath-bamboo-bath-tray,,"Source: G",44,"Home, Style & Objects > Home & interiors",UNISEX,No,No,9
31,cmu5c1fzw00d0ksb0g3uxl6cp,"Bang & Olufsun Beosound Home Speakers","Mr Porter",https://www.mrporter.com/en-gb/mens/product/bang-olufsen/lifestyle/speakers/beosound-2-3rd-gen-home-speaker/46376663163024347,,"Source: G",2850,"Tech, Games and Curiousity > Tech & gadgets",UNISEX,No,No,9
32,cmu5jls3v00ruksb0g4rse6po,"Bang & Olufsun Beosound Home Speakers","Mr Porter",https://www.mrporter.com/en-gb/mens/product/bang-olufsen/lifestyle/speakers/beosound-2-3rd-gen-home-speaker/46376663163024347,,"Source: G",2850,"Tech, Games and Curiousity > Tech & gadgets",UNISEX,No,No,9
33,cmu5jnq4b012dksb0s5j6zhrr,"BANWOOD BALANCE BIKE FIRST GO VINTAGE - PINK","Banwood",https://banwood.co.uk/products/balance-bike-pink?variant=49182227005708&country=GB&currency=GBP,,"Source: K",109,"Children",FEMALE,No,No,9
34,cmu5jm7oe00usksb0l17ad7kc,"Barbour Leather RFID Billfold Wallet in Brown","Farrar & Tanner",https://www.farrar-tanner.co.uk/colwell-leather-rfid-billfold-wallet-brown,,"Can be personalised using hot stamping, delivery time will increase.
Occasion: Any occasion
Source: M",50,"Home, Style & Objects > Fashion & accessories",MALE,No,Yes,101
35,cmu5c22k800gqksb092j0q3wq,"Barbour Leather RFID Billfold Wallet in Brown","Farrar & Tanner",https://www.farrar-tanner.co.uk/colwell-leather-rfid-billfold-wallet-brown,,"Can be personalised using hot stamping, delivery time will increase.
Occasion: Any occasion
Source: M",50,"Home, Style & Objects > Fashion & accessories",MALE,No,Yes,101
36,cmu5bzldq0025ksb0q3elv9g5,"Barwell Cut Crystal Champagne Coupe, Set of Four","Soho Home",https://www.sohohome.com/products/barwell-champagne-coupe-set-of-four/74531403?country=GB,,"Source: K",195,"Food & Drink > Wine, beer & drinks",UNISEX,No,No,9
37,cmu5jkirg00jkksb0gblqllny,"Barwell Cut Crystal Champagne Coupe, Set of Four","Soho Home",https://www.sohohome.com/products/barwell-champagne-coupe-set-of-four/74531403?country=GB,,"Source: K",195,"Food & Drink > Wine, beer & drinks",UNISEX,No,No,9
38,cmu5c0tw6009aksb0usjb6q7n,"Baume & Mercier Classima","Ernest Jones",https://www.ernestjones.co.uk/baume-mercier-classima-mens-black-leather-strap-watch/p/V-6319084,,"Source: K",1250,"Home, Style & Objects > Watches",MALE,No,No,9
39,cmu5jlctb00oyksb0bkiiox05,"Baume & Mercier Classima","Ernest Jones",https://www.ernestjones.co.uk/baume-mercier-classima-mens-black-leather-strap-watch/p/V-6319084,,"Source: K",1250,"Home, Style & Objects > Watches",MALE,No,No,9
40,cmu5c0z9c00a9ksb0skvpuig4,"Baume & Mercier Hampton","Watches of Switzerland",https://www.watches-of-switzerland.co.uk/Baume-and.-Mercier-Hampton-28mm-X-17.75mm-Ladies-Watch-Cream-BMM0A10859/p/17710674,,"Source: K",1190,"Home, Style & Objects > Watches",FEMALE,No,No,9
41,cmu5jlgme00pqksb0iyq22fjb,"Baume & Mercier Hampton","Watches of Switzerland",https://www.watches-of-switzerland.co.uk/Baume-and.-Mercier-Hampton-28mm-X-17.75mm-Ladies-Watch-Cream-BMM0A10859/p/17710674,,"Source: K",1190,"Home, Style & Objects > Watches",FEMALE,No,No,9
42,cmu5c07zh005rksb00ic1c2ez,"Beautiful Raw Selenite Crystal Wand Stick","Luxe Co",https://theluxeco.co.uk/products/raw-selenite-crystal-wand-stick-to-clear-energy?srsltid=AfmBOooih5kDREx3OK9rAulUz9uZX9mNJUnoxn6Jx2iBs-K5NrmOwBwG,,"Source: K",15,"Lifestyle & Wellbeing > Spirituality",UNISEX,No,No,9
43,cmu5jkx5z00m6ksb0ukbbqdj4,"Beautiful Raw Selenite Crystal Wand Stick","Luxe Co",https://theluxeco.co.uk/products/raw-selenite-crystal-wand-stick-to-clear-energy?srsltid=AfmBOooih5kDREx3OK9rAulUz9uZX9mNJUnoxn6Jx2iBs-K5NrmOwBwG,,"Source: K",15,"Lifestyle & Wellbeing > Spirituality",UNISEX,No,No,9
44,cmu5jlsxb00s0ksb0qbslhm7z,"Beauty Drop Subscription Box","Liberty",https://www.libertylondon.com/uk/beauty-subscription-box,,"Source: G",275,"Lifestyle & Wellbeing > Beauty & skincare",FEMALE,No,No,9
45,cmu5c1h0z00d7ksb05ata3sdp,"Beauty Drop Subscription Box","Liberty",https://www.libertylondon.com/uk/beauty-subscription-box,,"Source: G",275,"Lifestyle & Wellbeing > Beauty & skincare",FEMALE,No,No,9
46,cmu5bzqi50030ksb0frvob9zx,"BERNADOTTE Set: Teapot and Cups - Design Inspired by Sigvard Bernadotte","Georg Jensen",https://www.georgjensen.com/en-gb/dining-and-bar/coffee-tea/bernadotte-set%3A-teapot-and-cups---design-inspired-by-sigvard-bernadotte/10020918.html,,"Source: K",109,"Food & Drink > Coffee & Tea",UNISEX,No,No,9
47,cmu5jkm1200k6ksb0t8rvv6lr,"BERNADOTTE Set: Teapot and Cups - Design Inspired by Sigvard Bernadotte","Georg Jensen",https://www.georgjensen.com/en-gb/dining-and-bar/coffee-tea/bernadotte-set%3A-teapot-and-cups---design-inspired-by-sigvard-bernadotte/10020918.html,,"Source: K",109,"Food & Drink > Coffee & Tea",UNISEX,No,No,9
48,cmu5bzeh30010ksb009sc0u02,"BERNADOTTE Wine Opener - Design Inspired by Sigvard Bernadotte","Georg Jensen",https://www.georgjensen.com/en-gb/dining-and-bar/bar-accessories/bernadotte-wine-opener---design-inspired-by-sigvard-bernadotte/10020992.html,,"Source: K",49,"Food & Drink > Wine, beer & drinks",UNISEX,No,No,9
49,cmu5jkeo400iqksb0iwv5yv2e,"BERNADOTTE Wine Opener - Design Inspired by Sigvard Bernadotte","Georg Jensen",https://www.georgjensen.com/en-gb/dining-and-bar/bar-accessories/bernadotte-wine-opener---design-inspired-by-sigvard-bernadotte/10020992.html,,"Source: K",49,"Food & Drink > Wine, beer & drinks",UNISEX,No,No,9
50,cmu5jkeef00ioksb0w7bk4gm9,"Biddenden Vineyard's Private Guided Tour (per person)","Biddenden",https://biddendenvineyards.com/products/private-guided-tours?variant=54971007435086&country=GB&currency=GBP,,"Source: K",48,"Food & Drink > Wine, beer & drinks",UNISEX,No,No,9
51,cmu5bzdyp000xksb07m7weu30,"Biddenden Vineyard's Private Guided Tour (per person)","Biddenden",https://biddendenvineyards.com/products/private-guided-tours?variant=54971007435086&country=GB&currency=GBP,,"Source: K",48,"Food & Drink > Wine, beer & drinks",UNISEX,No,No,9
52,cmu5jkdul00ikksb0xnqfz2xc,"Big Green Egg Mini-Max with Foldable Stand","Borough Kitchen",https://www.boroughkitchen.com/products/big-green-egg-mini-max-with-foldable-stand,,"Source: K",1115,"Food & Drink > Cooking & Food",UNISEX,No,No,9
53,cmu5bzcxf000rksb00m75ynfk,"Big Green Egg Mini-Max with Foldable Stand","Borough Kitchen",https://www.boroughkitchen.com/products/big-green-egg-mini-max-with-foldable-stand,,"Source: K",1115,"Food & Drink > Cooking & Food",UNISEX,No,No,9
54,cmu5jmiz400wlksb05rgl5126,"Black Obsidian Bracelet – Adjustable Spiritual Protection Bracelet","The Little Tibet",https://www.thelittletibet.com/collections/tibetan-crafted-jewellery/products/black-obsidian-bracelet-adjustable,,"Source: K",19.99,"Jewellery",FEMALE,No,No,9
55,cmu5c16p300bjksb0o9fcqa72,"Blacksmithing Experience Day","Soulful Iron",https://soulfuliron.co.uk/experience-days/#courses,,"Source: K",140,"Home, Style & Objects > DIY and tools",UNISEX,No,No,9
56,cmu5jllrz00qqksb05u1p5e8t,"Blacksmithing Experience Day","Soulful Iron",https://soulfuliron.co.uk/experience-days/#courses,,"Source: K",140,"Home, Style & Objects > DIY and tools",UNISEX,No,No,9
57,cmu5jlisj00q6ksb00c59x9sd,"Bluebells & Indigo Luxury Gift Box","Gardening Gifts Co",https://www.gardeninggifts.co.uk/products/bluebells-indigo-luxury-gift-box?variant=53290724917558&country=GB&currency=GBP,,"Source: K",59.99,"Home, Style & Objects > Gardening",UNISEX,No,No,9
58,cmu5c12m000auksb0v7nfbne2,"Bluebells & Indigo Luxury Gift Box","Gardening Gifts Co",https://www.gardeninggifts.co.uk/products/bluebells-indigo-luxury-gift-box?variant=53290724917558&country=GB&currency=GBP,,"Source: K",59.99,"Home, Style & Objects > Gardening",UNISEX,No,No,9
59,cmu5c1nr100ebksb0cshheza7,"Blue Lapis Pendant Necklace","Wolf & Badger",https://www.wolfandbadger.com/uk/luxe-oval-blue-lapis-pendant-chain-necklace/,,"Source: G",64,"Home, Style & Objects > Jewellery",FEMALE,No,No,9
60,cmu5jlxj700swksb0o2ujz4w1,"Blue Lapis Pendant Necklace","Wolf & Badger",https://www.wolfandbadger.com/uk/luxe-oval-blue-lapis-pendant-chain-necklace/,,"Source: G",64,"Home, Style & Objects > Jewellery",FEMALE,No,No,9
61,cmu5jm92x00v0ksb0s2dr2nu7,"Blue 'Mixed Stripe' Silk-Blend Scarf","Paul Smith",https://www.paulsmith.com/uk/blue-mixed-stripe-silk-blend-scarf,,"Available in 2 colours.
Occasion: Any occasion
Source: M",110,"Home, Style & Objects > Fashion & accessories",MALE,No,Yes,56
62,cmu5c24nh00h2ksb0huaiagiw,"Blue 'Mixed Stripe' Silk-Blend Scarf","Paul Smith",https://www.paulsmith.com/uk/blue-mixed-stripe-silk-blend-scarf,,"Available in 2 colours.
Occasion: Any occasion
Source: M",110,"Home, Style & Objects > Fashion & accessories",MALE,No,Yes,56
63,cmu5c1jwc00dnksb0u6au1d4b,"Bluetooth Portable Turntable","Amazon",https://www.amazon.co.uk/Bluetooth-Portable-Suitcase-Headphone-Turntable-Black/dp/B0DC616MCH,,"Source: G",42,"Tech, Games and Curiousity > Tech & gadgets",UNISEX,No,No,9
64,cmu5jlutu00seksb0tcvrnqz6,"Bluetooth Portable Turntable","Amazon",https://www.amazon.co.uk/Bluetooth-Portable-Suitcase-Headphone-Turntable-Black/dp/B0DC616MCH,,"Source: G",42,"Tech, Games and Curiousity > Tech & gadgets",UNISEX,No,No,9
65,cmu5jno2n0126ksb05yhal8vg,"Bluey 3 in 1 Transforming Plane","The Entertainer",https://www.thetoyshop.com//shop-by-age/3-4-years/Bluey-3-in-1-Transforming-Plane-Playset/p/568620,,"Source: K",45,"Children",UNISEX,No,No,9
66,cmu5jnomr0128ksb04ohomgg4,"Bluey's Family House with Memory Game","Lego",https://www.lego.com/en-gb/product/blueys-family-house-with-memory-game-10459,,"Source: K",59.99,"Children",FEMALE,No,No,9
67,cmu5bzzk1004fksb0au6pqon2,"Bonpland Cuba Sancti Spiritus 1999 Rum","Whisky Exchange",https://www.thewhiskyexchange.com/p/71591/bonpland-cuba-sancti-spiritus-1999-19-year-old-single-cask,,"Source: K",145,"Food & Drink > Spirits & Cocktails > Whisky",UNISEX,No,No,9
68,cmu5jksjy00laksb06gab2wee,"Bonpland Cuba Sancti Spiritus 1999 Rum","Whisky Exchange",https://www.thewhiskyexchange.com/p/71591/bonpland-cuba-sancti-spiritus-1999-19-year-old-single-cask,,"Source: K",145,"Food & Drink > Spirits & Cocktails > Whisky",UNISEX,No,No,9
69,cmu5jlpeo00raksb0rsowrat1,"Book of Football Team Headlines","Wonderbly",https://www.wonderbly.com/uk/personalized-products/newspaper-football-soccer-book,,"Source: G",50,"Fitness & Sport > Sport spectating > Football",UNISEX,No,No,9
70,cmu5c1bvl00caksb02vj2udho,"Book of Football Team Headlines","Wonderbly",https://www.wonderbly.com/uk/personalized-products/newspaper-football-soccer-book,,"Source: G",50,"Fitness & Sport > Sport spectating > Football",UNISEX,No,No,9
71,cmu5bzgip001dksb051tieeqs,"Bordeau Masters: Margaux and Pomerol","Perfect Cellar",https://www.perfectcellar.com/products/bordeaux-masters-margaux-pomerol?variant=58371748921731,,"Source: K",88.39,"Food & Drink > Wine, beer & drinks",UNISEX,No,No,9
72,cmu5jkg0w00j0ksb0mbmeft2r,"Bordeau Masters: Margaux and Pomerol","Perfect Cellar",https://www.perfectcellar.com/products/bordeaux-masters-margaux-pomerol?variant=58371748921731,,"Source: K",88.39,"Food & Drink > Wine, beer & drinks",UNISEX,No,No,9
73,cmu5bz9uf0008ksb058qa04ur,"Borough Kitchen Chopping Board Set of 3 / Black","Borough Kitchen",https://www.boroughkitchen.com/products/borough-kitchen-chopping-board-set-of-3-black,,"Source: K",99,"Food & Drink > Cooking & Food",UNISEX,No,No,9
74,cmu5jkbxz00i6ksb05jn2fy2x,"Borough Kitchen Chopping Board Set of 3 / Black","Borough Kitchen",https://www.boroughkitchen.com/products/borough-kitchen-chopping-board-set-of-3-black,,"Source: K",99,"Food & Drink > Cooking & Food",UNISEX,No,No,9
75,cmu5jlepj00pcksb0dfovh70a,"BOSS Essena Quartz","Goldsmiths",https://www.goldsmiths.co.uk/BOSS-Essena-Quartz-32mm-Ladies-Watch-Silver-1502706/p/17851575,,"Source: K",229,"Home, Style & Objects > Watches",FEMALE,No,No,9
76,cmu5c0wyi009tksb04vdrph6z,"BOSS Essena Quartz","Goldsmiths",https://www.goldsmiths.co.uk/BOSS-Essena-Quartz-32mm-Ladies-Watch-Silver-1502706/p/17851575,,"Source: K",229,"Home, Style & Objects > Watches",FEMALE,No,No,9
77,cmu5bzpgw002tksb008hr8f3g,"Brew Cafetiere","Tom Dixon",https://www.tomdixon.net/products/brew-cafetiere-brwcf02ssv2,,"Source: K",90,"Food & Drink > Coffee & Tea",UNISEX,No,No,9
78,cmu5jkl7i00k0ksb0bvn7p507,"Brew Cafetiere","Tom Dixon",https://www.tomdixon.net/products/brew-cafetiere-brwcf02ssv2,,"Source: K",90,"Food & Drink > Coffee & Tea",UNISEX,No,No,9
79,cmu5jn29100zqksb0ki4ggxeh,"Brio World Animal Farm Wooden Train Set, FSC-Certified","John Lewis",https://www.johnlewis.com/brio-world-animal-farm-wooden-train-set-fsc-certified-beech/p5143262,,"Source: K",74.99,"Children",MALE,No,No,9
80,cmu5c0ny2008fksb0ia1q0g0u,"Cartier d'Amour stud earrings, 2 brilliant-cut diamonds","Cartier",https://www.cartier.com/en-gb/jewellery/earrings/cartier-d-amour/cartier-d-amour-stud-earrings-2-brilliant-cut-diamonds-small-model-CRB8301405,,"Source: K",1840,"Home, Style & Objects > Jewellery",FEMALE,No,No,9
81,cmu5jl8e100oaksb0nia8gyul,"Cartier d'Amour stud earrings, 2 brilliant-cut diamonds","Cartier",https://www.cartier.com/en-gb/jewellery/earrings/cartier-d-amour/cartier-d-amour-stud-earrings-2-brilliant-cut-diamonds-small-model-CRB8301405,,"Source: K",1840,"Home, Style & Objects > Jewellery",FEMALE,No,No,9
82,cmu5c0mx70088ksb0pm2keqs8,"CARTIER LOVE Ring","Selfridges",https://www.selfridges.com/GB/en/product/cartier-love-small-18ct-yellow-gold-ring_852-10134-CRB4085000/#colour=Yellow%20gold,,"Source: K",1200,"Home, Style & Objects > Jewellery",FEMALE,No,No,9
83,cmu5jl7kl00o4ksb0djhreg5j,"CARTIER LOVE Ring","Selfridges",https://www.selfridges.com/GB/en/product/cartier-love-small-18ct-yellow-gold-ring_852-10134-CRB4085000/#colour=Yellow%20gold,,"Source: K",1200,"Home, Style & Objects > Jewellery",FEMALE,No,No,9
84,cmu5c0d72006iksb0a55c80lo,"Chakra Tuning Forks Set of 9","Sound Therapy Shop",https://soundtherapyshop.co.uk/products/chakra-tuning-forks-unweighted-set-of-9?srsltid=AfmBOooL9xAAWOfOmGyC1pYqKO-673S4da2UPiB9rtfNBv55Vzo9a99Q,,"Source: K",125,"Lifestyle & Wellbeing > Spirituality",UNISEX,No,No,9
85,cmu5jl0s900mqksb0zz2svrl2,"Chakra Tuning Forks Set of 9","Sound Therapy Shop",https://soundtherapyshop.co.uk/products/chakra-tuning-forks-unweighted-set-of-9?srsltid=AfmBOooL9xAAWOfOmGyC1pYqKO-673S4da2UPiB9rtfNBv55Vzo9a99Q,,"Source: K",125,"Lifestyle & Wellbeing > Spirituality",UNISEX,No,No,9
86,cmu5c1t2n00f2ksb0qql1o878,"Chloe Marcie leather cross-body bag","Selfridges",https://www.selfridges.com/GB/en/product/chloe-marcie-leather-cross-body-bag_221-3002986-CHC17WS928161/#colour=TAN,,"Available in 2 colours.
Occasion: Any occasion
Source: M",1690,"Home, Style & Objects > Fashion & accessories",FEMALE,No,Yes,56
87,cmu5jm15f00tgksb0iuorbdxh,"Chloe Marcie leather cross-body bag","Selfridges",https://www.selfridges.com/GB/en/product/chloe-marcie-leather-cross-body-bag_221-3002986-CHC17WS928161/#colour=TAN,,"Available in 2 colours.
Occasion: Any occasion
Source: M",1690,"Home, Style & Objects > Fashion & accessories",FEMALE,No,Yes,56
88,cmu5jlbg300ooksb07nlofwit,"Christopher Ward C63 Sealander Automatic","Time and Tide",https://shop.timeandtidewatches.co.uk/products/christopher-ward-sealander-automatic-39mm-black?variant=55575306338689&country=GB&currency=GBP,,"Source: K",850,"Home, Style & Objects > Watches",MALE,No,No,9
89,cmu5c0rlf008xksb0e30dfi41,"Christopher Ward C63 Sealander Automatic","Time and Tide",https://shop.timeandtidewatches.co.uk/products/christopher-ward-sealander-automatic-39mm-black?variant=55575306338689&country=GB&currency=GBP,,"Source: K",850,"Home, Style & Objects > Watches",MALE,No,No,9
90,cmu5bzfhu0017ksb0mcg26vk0,"Clapton Craft 24 Pack of Beers","Clapton Craft",https://store.claptoncraft.co.uk/products/the-clapton-craft-24-pack-box-of-beers,,"Source: K",80,"Food & Drink > Wine, beer & drinks",UNISEX,No,No,9
91,cmu5jkfha00iwksb00dhnu11h,"Clapton Craft 24 Pack of Beers","Clapton Craft",https://store.claptoncraft.co.uk/products/the-clapton-craft-24-pack-box-of-beers,,"Source: K",80,"Food & Drink > Wine, beer & drinks",UNISEX,No,No,9
92,cmu5jm1f300tiksb0p6rv8xxi,"Claudie Pierlot Heart Embellished Leather Belt","Selfridges",https://www.selfridges.com/GB/en/product/claudie-pierlot-heart-embellished-leather-belt_R04683992/#colour=BLACK,,"Available in 3 sizes
Occasion: Any occasion
Source: M",129,"Home, Style & Objects > Fashion & accessories",FEMALE,No,Yes,53
93,cmu5c1tbu00f4ksb0lff9ogm2,"Claudie Pierlot Heart Embellished Leather Belt","Selfridges",https://www.selfridges.com/GB/en/product/claudie-pierlot-heart-embellished-leather-belt_R04683992/#colour=BLACK,,"Available in 3 sizes
Occasion: Any occasion
Source: M",129,"Home, Style & Objects > Fashion & accessories",FEMALE,No,Yes,53
94,cmu5jmmii00x8ksb0r6xwkb1l,"Cluster Wire Wrapped Ring","Wolf & Badger",https://www.wolfandbadger.com/uk/cluster-wire-wrapped-ring/,,"Source: K",207,"Jewellery",FEMALE,No,No,9
95,cmu5jm2ru00tsksb0xu31fcyw,"Coach LEATHER CARD CASE, Maple","John Lewis",https://www.johnlewis.com/coach-leather-card-case/maple/p110804325,,"Also available in black.
Occasion: Any occasion
Source: M",75,"Home, Style & Objects > Fashion & accessories",UNISEX,No,Yes,57
96,cmu5c1vn700fhksb0ckzy0k8k,"Coach LEATHER CARD CASE, Maple","John Lewis",https://www.johnlewis.com/coach-leather-card-case/maple/p110804325,,"Also available in black.
Occasion: Any occasion
Source: M",75,"Home, Style & Objects > Fashion & accessories",UNISEX,No,Yes,57
97,cmu5jkpa300kmksb0heoxpqnb,"Cocktail Ball Ice Cubes (Set of 2)","Harrods",https://www.harrods.com/en-gb/p/harrods-cocktail-ball-ice-cubes-set-of-2-000000000007844785,,"Source: K",25,"Food & Drink > Spirits & Cocktails",UNISEX,No,No,9
98,cmu5bzuxj003lksb0sa7xtss4,"Cocktail Ball Ice Cubes (Set of 2)","Harrods",https://www.harrods.com/en-gb/p/harrods-cocktail-ball-ice-cubes-set-of-2-000000000007844785,,"Source: K",25,"Food & Drink > Spirits & Cocktails",UNISEX,No,No,9
99,cmu5bzyiu0048ksb0od835556,"Cocktail Masterclass at Gordon Ramsay Restaurants","Gordon Ramsay",https://gifts.gordonramsayrestaurants.com/vouchers/drinks-masterclass,,"Experience
Source: K",120,"Food & Drink > Spirits & Cocktails",UNISEX,No,No,20
100,cmu5jkrql00l4ksb05jmzxqrg,"Cocktail Masterclass at Gordon Ramsay Restaurants","Gordon Ramsay",https://gifts.gordonramsayrestaurants.com/vouchers/drinks-masterclass,,"Experience
Source: K",120,"Food & Drink > Spirits & Cocktails",UNISEX,No,No,20
101,cmu5jkaut00i0ksb0sk0ser22,"Cole Mason Clavering Granite Pestle & Mortar","Borough Kitchen",https://www.boroughkitchen.com/products/cole-mason-clavering-granite-mortar-pestle?variant=41451071963268,,"Source: K",39,"Food & Drink > Cooking & Food",UNISEX,No,No,9
102,cmu5bz8tn0002ksb0uh7gdzgx,"Cole Mason Clavering Granite Pestle & Mortar","Borough Kitchen",https://www.boroughkitchen.com/products/cole-mason-clavering-granite-mortar-pestle?variant=41451071963268,,"Source: K",39,"Food & Drink > Cooking & Food",UNISEX,No,No,9
103,cmu5c0f8z006vksb00o89gtu1,"Cologne Intense Discovery Collection","Jo Malone",https://www.jomalone.co.uk/product/25946/118078/colognes/cologne-intense-discovery-collection?size=5_x_1.5ml,,"Source: K",25,"Lifestyle & Wellbeing > Beauty & Skincare",MALE,No,No,9
104,cmu5jl25500n0ksb0n6qi5gst,"Cologne Intense Discovery Collection","Jo Malone",https://www.jomalone.co.uk/product/25946/118078/colognes/cologne-intense-discovery-collection?size=5_x_1.5ml,,"Source: K",25,"Lifestyle & Wellbeing > Beauty & Skincare",MALE,No,No,9
105,cmu5bzsmz0038ksb0vea06fe6,"Comandante C40 Nitro Blade Coffee Grinder MK4 (Black)","Comandante",https://comandantegrinder.co.uk/products/comandante-c40-nitro-blade-coffee-grinder-black?variant=47687627473234,,"Source: K",249,"Food & Drink > Coffee & Tea",UNISEX,No,No,9
106,cmu5jknx300kcksb0py5strgv,"Comandante C40 Nitro Blade Coffee Grinder MK4 (Black)","Comandante",https://comandantegrinder.co.uk/products/comandante-c40-nitro-blade-coffee-grinder-black?variant=47687627473234,,"Source: K",249,"Food & Drink > Coffee & Tea",UNISEX,No,No,9
107,cmu5bzc5m000mksb08vyu49lu,"Cook and Dine: Beef Wellington masterclass for two","Gordon Ramsay Academy",https://www.gordonramsayacademy.com/en/uk/locations/bishopsgate/cooking-classes/london-cook-and-dine-beef-wellington-masterclass-for-two,,"Source: K",350,"Food & Drink > Cooking & Food",UNISEX,No,No,9
108,cmu5jkday00igksb0ee9i3d03,"Cook and Dine: Beef Wellington masterclass for two","Gordon Ramsay Academy",https://www.gordonramsayacademy.com/en/uk/locations/bishopsgate/cooking-classes/london-cook-and-dine-beef-wellington-masterclass-for-two,,"Source: K",350,"Food & Drink > Cooking & Food",UNISEX,No,No,9
109,cmu5bzdga000uksb0uzi8x6mj,"Coravin Model Six+ Hermitage Red Limited Edition","The Waterside Inn",https://www.waterside-inn.co.uk/product/coravin-model-six-hermitage-red-limited-edition/,,"Source: K",299.99,"Food & Drink > Wines, beers & drinks",UNISEX,No,No,9
110,cmu5jke4n00imksb0ccitvtzc,"Coravin Model Six+ Hermitage Red Limited Edition","The Waterside Inn",https://www.waterside-inn.co.uk/product/coravin-model-six-hermitage-red-limited-edition/,,"Source: K",299.99,"Food & Drink > Wines, beers & drinks",UNISEX,No,No,9
111,cmu5jl4b000ngksb0ex2a27rn,"Cosmic Star Charm Bracelet in Gold","Shop Contemporary Jewellery to Stack & Style",https://www.astridandmiyu.com/products/cosmic-star-charm-bracelet-in-gold,,"Source: K",80,"Home, Style & Objects > Jewellery",FEMALE,No,No,9
112,cmu5c0iba007eksb04spwff5k,"Cosmic Star Charm Bracelet in Gold","Shop Contemporary Jewellery to Stack & Style",https://www.astridandmiyu.com/products/cosmic-star-charm-bracelet-in-gold,,"Source: K",80,"Home, Style & Objects > Jewellery",FEMALE,No,No,9
113,cmu5jmlp600x2ksb04sfb8m80,"Cosmic Star Charm Bracelet in Gold","Shop Contemporary Jewellery to Stack & Style",https://www.astridandmiyu.com/products/cosmic-star-charm-bracelet-in-gold,,"Source: K",80,"Jewellery",FEMALE,No,No,9
114,cmu5bzy0f0045ksb0oyzcf5md,"Create your Own Gin at the Shakespeare Distillery Gin School with Tour and Tastings","Virgin Experience",https://www.virginexperiencedays.co.uk/product/create-your-own-gin-at-shakespeare-distillery-with-tour,,"Experience
Source: K",107,"Food & Drink > Spirits & Cocktails > Gin",UNISEX,No,No,20
115,cmu5jkrgo00l2ksb0v8gfjym5,"Create your Own Gin at the Shakespeare Distillery Gin School with Tour and Tastings","Virgin Experience",https://www.virginexperiencedays.co.uk/product/create-your-own-gin-at-shakespeare-distillery-with-tour,,"Experience
Source: K",107,"Food & Drink > Spirits & Cocktails > Gin",UNISEX,No,No,20
116,cmu5jlq7u00rgksb091q4c2ge,"Creed Men's Fragrance Set","John Lewis",https://www.johnlewis.com/creed-mens-sample-inspiration-fragrance-gift-set-5-x-1-7ml/p5697051?irclickid=U4pz2V3kYxyZWta1oN2N0yZrUkuW5Z3u5yKSRY0&irgwc=1&afsrc=1&tmcampid=99&s_afcid=af_10078_Content,,"Source: G",49,"Lifestyle & Wellbeing > Beauty & skincare",MALE,No,No,9
117,cmu5c1d6100ciksb0limetwhv,"Creed Men's Fragrance Set","John Lewis",https://www.johnlewis.com/creed-mens-sample-inspiration-fragrance-gift-set-5-x-1-7ml/p5697051?irclickid=U4pz2V3kYxyZWta1oN2N0yZrUkuW5Z3u5yKSRY0&irgwc=1&afsrc=1&tmcampid=99&s_afcid=af_10078_Content,,"Source: G",49,"Lifestyle & Wellbeing > Beauty & skincare",MALE,No,No,9
118,cmu5jkzfh00mgksb07ch492wn,"Crystal Infused Glass Water Bottle","Debenhams",https://www.debenhams.com/product/kdmd-crystal-infused-glass-water-bottle---cleansing-clear-quartz---angel_p-b8504da2-fc08-442e-8aad-92868a84539a,,"Source: K",40.99,"Lifestyle & Wellbeing > Spirituality",UNISEX,No,No,9
119,cmu5c0b5l0065ksb0r2qv2yhp,"Crystal Infused Glass Water Bottle","Debenhams",https://www.debenhams.com/product/kdmd-crystal-infused-glass-water-bottle---cleansing-clear-quartz---angel_p-b8504da2-fc08-442e-8aad-92868a84539a,,"Source: K",40.99,"Lifestyle & Wellbeing > Spirituality",UNISEX,No,No,9
120,cmu5c19bp00buksb0407d8ea6,"Curved Tamera Marble Bookends","Cox&Cox",https://www.coxandcox.co.uk/curved-tamera-marble-bookends,,"Source: K",50,"Home, Style & Objects > Home and interiors",UNISEX,No,No,9
121,cmu5jlnse00qyksb0u0kh3d45,"Curved Tamera Marble Bookends","Cox&Cox",https://www.coxandcox.co.uk/curved-tamera-marble-bookends,,"Source: K",50,"Home, Style & Objects > Home and interiors",UNISEX,No,No,9
122,cmu5c1cwq00cgksb00u2mpfc4,"Dark Rum - Eau de Parfume","Malin+Goetz",https://www.malinandgoetz.co.uk/dark-rum-eau-de-parfum,,"Source: G",94,"Lifestyle & Wellbeing > Beauty & skincare",FEMALE,No,No,9
123,cmu5jlpy400reksb0jckucn9t,"Dark Rum - Eau de Parfume","Malin+Goetz",https://www.malinandgoetz.co.uk/dark-rum-eau-de-parfum,,"Source: G",94,"Lifestyle & Wellbeing > Beauty & skincare",FEMALE,No,No,9
124,cmu5jmbwu00veksb0b3qt0c8r,"Dayja Clutch Bag in White Gold","Verano Hill",https://veranohill.com/products/dayja-clutch-bag?variant=51901156950383,,"Current promotion 'Buy one get one free'
Occasion: Any occasion
Source: M",85,"Home, Style & Objects > Fashion & accessories",FEMALE,No,Yes,73
125,cmu5c29fj00hnksb06pg90lo9,"Dayja Clutch Bag in White Gold","Verano Hill",https://veranohill.com/products/dayja-clutch-bag?variant=51901156950383,,"Current promotion 'Buy one get one free'
Occasion: Any occasion
Source: M",85,"Home, Style & Objects > Fashion & accessories",FEMALE,No,Yes,73
126,cmu5jmc6k00vgksb05zngs3wo,"Deanna Medium Tote Bag","Verano Hill",https://veranohill.com/products/deanna-medium-tote-bag-cs,,"Highly reviewed.
Occasion: Any occasion
Source: M",75,"Home, Style & Objects > Fashion & accessories",FEMALE,No,No,49
127,cmu5c29or00hpksb000hwkiw8,"Deanna Medium Tote Bag","Verano Hill",https://veranohill.com/products/deanna-medium-tote-bag-cs,,"Highly reviewed.
Occasion: Any occasion
Source: M",75,"Home, Style & Objects > Fashion & accessories",FEMALE,No,No,49
128,cmu5c0ikl007gksb0y02mycll,"Deia Huggie Earrings","Monica Vinader",https://www.monicavinader.com/deia-huggie-earrings/gold-vermeil-deia-huggie-earrings?set_country=GB&currency=GBP,,"Source: K",99,"Home, Style & Objects > Jewellery",FEMALE,No,No,9
129,cmu5jl4ku00niksb0ymw4rnxq,"Deia Huggie Earrings","Monica Vinader",https://www.monicavinader.com/deia-huggie-earrings/gold-vermeil-deia-huggie-earrings?set_country=GB&currency=GBP,,"Source: K",99,"Home, Style & Objects > Jewellery",FEMALE,No,No,9
130,cmu5jmkm100wwksb0xxbp05ca,"Diamonbliss Vintage Round Leverback Earrings / White","Wolf & Badger",https://www.wolfandbadger.com/uk/diamonbliss-vintage-round-leverback-earrings-white/,,"Source: K",57,"Jewellery",FEMALE,No,No,9
131,cmu5c0o79008hksb0kj5zz6ci,"Dioramour Necklace Yellow Gold and Diamond","Dior",https://www.dior.com/en_gb/fashion/products/JOUI95051_0000_U,,"Source: K",2350,"Home, Style & Objects > Jewellery",FEMALE,No,No,9
132,cmu5jl8xf00ocksb0mawjwmp1,"Dioramour Necklace Yellow Gold and Diamond","Dior",https://www.dior.com/en_gb/fashion/products/JOUI95051_0000_U,,"Source: K",2350,"Home, Style & Objects > Jewellery",FEMALE,No,No,9
133,cmu5jl7av00o2ksb0vxroud7u,"Dior Link Necklace Silver-Finish Metal and Crystals","Dior",https://www.dior.com/en_gb/fashion/products/N3665WOMCY_D001_TU,,"Source: K",770,"Home, Style & Objects > Jewellery",FEMALE,No,No,9
134,cmu5c0mny0086ksb0ytkcboum,"Dior Link Necklace Silver-Finish Metal and Crystals","Dior",https://www.dior.com/en_gb/fashion/products/N3665WOMCY_D001_TU,,"Source: K",770,"Home, Style & Objects > Jewellery",FEMALE,No,No,9
135,cmu5jm6v200umksb0h4er55nr,"Dior Medallion Belt in Tan Brown","Dior",https://www.dior.com/en_gb/fashion/products/B1022QGBK_M67M,,"Available in black. Free standard delivery (3-4wds)
Occasion: Any occasion
Source: M",790,"Home, Style & Objects > Fashion & accessories",FEMALE,No,Yes,84
136,cmu5c21a100giksb0m3ionmzs,"Dior Medallion Belt in Tan Brown","Dior",https://www.dior.com/en_gb/fashion/products/B1022QGBK_M67M,,"Available in black. Free standard delivery (3-4wds)
Occasion: Any occasion
Source: M",790,"Home, Style & Objects > Fashion & accessories",FEMALE,No,Yes,84
137,cmu5jnjv3011lksb0rmqy7ahd,"Discovering Stem - Architecture Set","The Range",https://www.therange.co.uk/toys/creative-and-educational/modelling-sets/discovering-stem-architecture-set,,"Source: K",99.99,"Children",MALE,No,No,9
138,cmu5jnqee012fksb0ebi0irxx,"Djeco Do It Yourself - Funky Family - 15 Magnets to Decorate","Crafts 4 Kids",https://www.crafts4kids.co.uk/products/djeco-funky-family?variant=55242269196661,,"Source: K",13.99,"Children",FEMALE,No,No,9
139,cmu5jn49w0103ksb060wsyo3q,"Djeco Guitar - 6 Metal Strings","Crafts 4 Kids",https://www.crafts4kids.co.uk/products/djeco-guitar-6-metal-strings?variant=57100162236789,,"Source: K",29.99,"Children",UNISEX,No,No,9
140,cmu5jnqod012hksb0i8fp29nk,"Djeco Inspired By Frida Kahlo - 3D Pictures","Crafts 4 Kids",https://www.crafts4kids.co.uk/products/djeco-inspired-by-frida-kahlo?variant=49666394030402,,"Source: K",15.75,"Children",FEMALE,No,No,9
141,cmu5jnma3011wksb0lipqngmh,"Djeco Musical Boxes - Melody of the Woods","Crafts 4 Kids",https://www.crafts4kids.co.uk/products/djeco-musical-boxes-melody-of-the-woods,,"Source: K",24.5,"Children",FEMALE,No,No,9
142,cmu5jnpag012aksb0cdn5xz1f,"Djeco Wooden Toy Piano","Crafts 4 Kids",https://www.crafts4kids.co.uk/products/animambo-electronic-piano-by-djeco?variant=47659788566850,,"Source: K",76.49,"Children",UNISEX,No,No,9
143,cmu5jnbqj0114ksb06ev04l2i,"Double Dance Mat Dance Game","The Range",https://www.therange.co.uk/toys/electric-and-interactive-toys/interactive-toys/double-dance-mat-dance-game,,"Source: K",24.99,"Children",UNISEX,No,No,9
144,cmu5jmvw300ypksb0cnbl0kot,"DreamHaven Canvas Play Teepee","Cuddleberry",https://www.cuddleberry.uk/products/dreamhaven-canvas-play-teepee?variant=53348955717959,,"Source: K",34.9,"Children",FEMALE,No,No,9
145,cmu5jlw6n00soksb0mu2pu2ec,"Dyson Airwrap Styler","Dyson",https://www.dyson.co.uk/hair-care/hair-stylers/airwrap-id/curly-coily-prussian-blue-bright-copper,,"Source: G",480,"Lifestyle & Wellbeing > Beauty & skincare",FEMALE,No,No,9
146,cmu5c1m7o00e1ksb0mg6rupk4,"Dyson Airwrap Styler","Dyson",https://www.dyson.co.uk/hair-care/hair-stylers/airwrap-id/curly-coily-prussian-blue-bright-copper,,"Source: G",480,"Lifestyle & Wellbeing > Beauty & skincare",FEMALE,No,No,9
147,cmu5jmcq500vkksb06ilh654b,"Ebellished Headband","Erdem",https://erdem.com/products/embellished-headband-aw26_h2_50924013,,"Free shipping. Available in 2 colours.
Occasion: Any occasion
Source: M",355,"Home, Style & Objects > Fashion & accessories",FEMALE,No,Yes,71
148,cmu5c2apl00hvksb098p7pvjr,"Ebellished Headband","Erdem",https://erdem.com/products/embellished-headband-aw26_h2_50924013,,"Free shipping. Available in 2 colours.
Occasion: Any occasion
Source: M",355,"Home, Style & Objects > Fashion & accessories",FEMALE,No,Yes,71
149,cmu5jmz7h00z7ksb0j907a8z8,"Educational Wooden Games - Djeco Crococroc","Crafts 4 Kids",https://www.crafts4kids.co.uk/products/djeco-educational-wooden-games-crococroc?variant=57067483431285,,"Source: K",17.25,"Children",UNISEX,No,No,9
150,cmu5c1qrm00enksb0pqxj5ivz,"Elara Woven Luxe Tote","The Ariandne",https://theariadne.com/products/elara-woven-luxe-tote,,"Source: G",70,"Home, Style & Objects > Fashion & accessories",FEMALE,No,No,9
151,cmu5jlzic00t4ksb0b6au55jp,"Elara Woven Luxe Tote","The Ariandne",https://theariadne.com/products/elara-woven-luxe-tote,,"Source: G",70,"Home, Style & Objects > Fashion & accessories",FEMALE,No,No,9
152,cmu5c0wpa009rksb0medj3kzg,"Emporio Armani Ladies Federica Mother of Pearl","The Jewel Hut",https://www.thejewelhut.co.uk/emporio-armani-ladies-federica-mother-of-pearl-watch,,"Source: K",209.25,"Home, Style & Objects > Watches",FEMALE,No,No,9
153,cmu5jleft00paksb08rnhxj5w,"Emporio Armani Ladies Federica Mother of Pearl","The Jewel Hut",https://www.thejewelhut.co.uk/emporio-armani-ladies-federica-mother-of-pearl-watch,,"Source: K",209.25,"Home, Style & Objects > Watches",FEMALE,No,No,9
154,cmu5c0frd006zksb090golt6d,"ENDYMION SHAVING CREAM","penhaligons.com",https://www.penhaligons.com/uk/en/p/endymion-shaving-cream-120ml--000000000065195114,,"Source: K",38,"Lifestyle & Wellbeing > Beauty & Skincare",MALE,No,No,9
155,cmu5jl2ol00n4ksb07sxoh873,"ENDYMION SHAVING CREAM","penhaligons.com",https://www.penhaligons.com/uk/en/p/endymion-shaving-cream-120ml--000000000065195114,,"Source: K",38,"Lifestyle & Wellbeing > Beauty & Skincare",MALE,No,No,9
156,cmu5jky9b00meksb0my21iie7,"Energising Boost Wellbeing Gift Set","Norfolk Natural Living",https://www.norfolknaturalliving.com/products/energising-wellbeing-boost-gift-set?variant=39527570997329&country=GB&currency=GBP,,"Source: K",39,"Lifestyle & Wellbeing > Beauty & skincare",UNISEX,No,No,9
157,cmu5c09so0062ksb0r2trs8qd,"Energising Boost Wellbeing Gift Set","Norfolk Natural Living",https://www.norfolknaturalliving.com/products/energising-wellbeing-boost-gift-set?variant=39527570997329&country=GB&currency=GBP,,"Source: K",39,"Lifestyle & Wellbeing > Beauty & skincare",UNISEX,No,No,9
158,cmu5jl1bq00muksb0l8r77hxp,"Essential Serenity Massage, Thermal Baths and Aromatherapy Experience","Aire Baths",https://relax.beaire.com/en/landing/gift-aire/london#cards-experience,,"Source: K",190,"Lifestyle & Wellbeing > Beauty & skincare",UNISEX,No,No,9
159,cmu5c0dyq006nksb0yk89djsa,"Essential Serenity Massage, Thermal Baths and Aromatherapy Experience","Aire Baths",https://relax.beaire.com/en/landing/gift-aire/london#cards-experience,,"Source: K",190,"Lifestyle & Wellbeing > Beauty & skincare",UNISEX,No,No,9
160,cmu5bzjlb001uksb0wro9fny1,"Estate Tour with lunch","Gusbourne",https://www.gusbourne.com/tours/estate?gad_source=1&gad_campaignid=23752163739&gbraid=0AAAAAC04den5QzU7DAuCf5dIcnErOO_Dn,,"Experiences
Source: K",120,"Food & Drink > Wine, beer & drinks",UNISEX,No,No,21
161,cmu5jkhng00jcksb0whypukvy,"Estate Tour with lunch","Gusbourne",https://www.gusbourne.com/tours/estate?gad_source=1&gad_campaignid=23752163739&gbraid=0AAAAAC04den5QzU7DAuCf5dIcnErOO_Dn,,"Experiences
Source: K",120,"Food & Drink > Wine, beer & drinks",UNISEX,No,No,21
162,cmu5jnyn0012yksb02vx4u592,"EUGY Whale Shark - Kids Cardboard Craft Kit","Crafts 4 Kids",https://www.crafts4kids.co.uk/products/eugy-whale-shark-cardboard-craft-kit?variant=56864630604149,,"Source: K",6.99,"Children",UNISEX,No,No,9
163,cmu5jnnsk0124ksb0r8020rki,"Fairy Wings Costume","Meri  Meri",https://merimeri.co.uk/products/fairy-wings-costume,,"Source: K",30,"Children",FEMALE,No,No,9
164,cmu5jmynj00z3ksb0d8qixk27,"Farm Yard Tales Craft Kit","Jacques",https://www.jaqueslondon.co.uk/products/farm-yard-tales-craft-kit?currency=GBP&country=GB,,"Source: K",13.99,"Children",UNISEX,No,No,9
165,cmu5jmbn400vcksb0gtuj6itk,"Faux Fur Scarf","Arket",https://www.arket.com/en-gb/product/faux-fur-scarf-mole-1306100001/,,"Occasion: Any occasion
Source: M",65,"Home, Style & Objects > Fashion & accessories",UNISEX,No,No,32
166,cmu5c28x700hkksb0m97ozpbm,"Faux Fur Scarf","Arket",https://www.arket.com/en-gb/product/faux-fur-scarf-mole-1306100001/,,"Occasion: Any occasion
Source: M",65,"Home, Style & Objects > Fashion & accessories",UNISEX,No,No,32
167,cmu5c1xor00fuksb0020aeirr,"Felix Embroidered Baseball Cap in Washed Black","All Saints",https://www.allsaints.com/men/best-sellers/felix-embroidered-baseball-cap/M221XB-162.html,,"Saturday delivery available, Payment plan options.
Occasion: Any occasion
Source: M",49,"Home, Style & Objects > Fashion & accessories",UNISEX,No,Yes,83
168,cmu5jm44w00u2ksb076rqnp2h,"Felix Embroidered Baseball Cap in Washed Black","All Saints",https://www.allsaints.com/men/best-sellers/felix-embroidered-baseball-cap/M221XB-162.html,,"Saturday delivery available, Payment plan options.
Occasion: Any occasion
Source: M",49,"Home, Style & Objects > Fashion & accessories",UNISEX,No,Yes,83
169,cmu5jmifl00wiksb051tk4l9r,"Find a Golf Lesson near you","PGA Play",https://www.pgaplay.co.uk/,,"Prices vary
Occasion: Any occasion
Source: G",50,"Sport & Fitness > Golf",UNISEX,No,No,44
170,cmu5jkh3v00j8ksb007i7n7it,"Fizzics DraftPour Beer Dispenser","Lakeland",https://www.lakeland.co.uk/products/fizzics-draftpour-beer-dispenser,,"Source: K",109.99,"Food & Drink > Wine, beer & drinks",UNISEX,No,No,9
171,cmu5bzikg001oksb0s0ouqq2d,"Fizzics DraftPour Beer Dispenser","Lakeland",https://www.lakeland.co.uk/products/fizzics-draftpour-beer-dispenser,,"Source: K",109.99,"Food & Drink > Wine, beer & drinks",UNISEX,No,No,9
172,cmu5jmfph00w1ksb03y9916cj,"Football Stadium Tours","Stadium Tours",https://www.stadiumtour.co.uk/,,"Approx price per person
Occasion: Any occasion
Source: G",30,"Sport & Fitness > Football",UNISEX,No,Yes,56
173,cmu5jm8jh00uyksb0wq70wdyr,"Foulard Scarf in Orange","Fendi",https://www.fendi.com/gb-en/woman/accessories/silk-scarves-wrappys/fendi-foulard-orange-silk-foulard-with-tiger-print-fxs419b1vaf1y7i,,"Available in 3 colours. Personalised message option with packaging.
Occasion: Any occasion
Source: M",245,"Home, Style & Objects > Fashion & accessories",FEMALE,No,Yes,100
174,cmu5c245300gzksb099zat8oq,"Foulard Scarf in Orange","Fendi",https://www.fendi.com/gb-en/woman/accessories/silk-scarves-wrappys/fendi-foulard-orange-silk-foulard-with-tiger-print-fxs419b1vaf1y7i,,"Available in 3 colours. Personalised message option with packaging.
Occasion: Any occasion
Source: M",245,"Home, Style & Objects > Fashion & accessories",FEMALE,No,Yes,100
175,cmu5jmhm800wdksb06m1ur89o,"Four Golf Lessons with a PGA Professional","Golf Gift Days",https://golfgiftdays.com/four-one-hour-golf-lessons-pga-professional/,,"Occasion: Any occasion
Source: G",340,"Sport & Fitness > Golf",UNISEX,No,No,32
176,cmu5jlvwx00smksb0zpnes9ot,"Fragrance Discovery Set","Kida Kayo",https://www.kidakyo.com/en-gb/products/discovery-set-1?Size=Build+your+own+%286+x+2ml%29,,"Source: G",55,"Lifestyle & Wellbeing > Beauty & skincare",FEMALE,No,No,9
177,cmu5c1lp800dyksb0zasd8766,"Fragrance Discovery Set","Kida Kayo",https://www.kidakyo.com/en-gb/products/discovery-set-1?Size=Build+your+own+%286+x+2ml%29,,"Source: G",55,"Lifestyle & Wellbeing > Beauty & skincare",FEMALE,No,No,9
178,cmu5jmdsy00vpksb03ktdbjn5,"Freddie's Flowers Gift Subscription","Freddie's Flowers",https://www.freddiesflowers.com/flower-gifts/subscriptions,,"Price for 3 months; can extend to 12 for £450
Occasion: Any occasion
Source: G",114,"Home, Style & Objects > Home & interiors",UNISEX,No,Yes,78
179,cmu5c07gz005oksb0xcirnbsi,"Frosted Bracelet","La Maison Couture",https://www.lamaisoncouture.com/products/frosted-bracelet?variant=49394555584855&country=GB&currency=GBP,,"Jewellery
Source: K",495,"Lifestyle & Wellbeing > Sustainability & eco living",UNISEX,No,No,19
180,cmu5jkww700m4ksb05x7blhzl,"Frosted Bracelet","La Maison Couture",https://www.lamaisoncouture.com/products/frosted-bracelet?variant=49394555584855&country=GB&currency=GBP,,"Jewellery
Source: K",495,"Lifestyle & Wellbeing > Sustainability & eco living",UNISEX,No,No,19
181,cmu5c26y700heksb0u7hwstfm,"Furr Trimmed Leather Biker Gloves","Massimo Dutti",https://www.massimodutti.com/gb/furtrimmed-leather-biker-gloves-l04623887?pelement=61729678,,"Colour highly popular.
Occasion: Any occasion
Source: M",90,"Home, Style & Objects > Fashion & accessories",FEMALE,No,Yes,55
182,cmu5jma5w00v8ksb0bzyd5z2i,"Furr Trimmed Leather Biker Gloves","Massimo Dutti",https://www.massimodutti.com/gb/furtrimmed-leather-biker-gloves-l04623887?pelement=61729678,,"Colour highly popular.
Occasion: Any occasion
Source: M",90,"Home, Style & Objects > Fashion & accessories",FEMALE,No,Yes,55
183,cmu5jmvcc00ymksb0d7axtm8z,"Gaby Bath Toys","Westwing",https://www.westwing.co.uk/bath-toys-gaby-set-of-5-en-23lie94829.html,,"Source: K",29.99,"Children",UNISEX,No,No,9
184,cmu5jlo2400r0ksb0kicb7re7,"Georg Jensen Bloom Botanica Tea Lights","Heal's",https://www.heals.com/products/bloom-botanica-tea-light-set-of-2,,"Source: K",63.5,"Home, Style & Objects > Home and interiors",UNISEX,No,No,9
185,cmu5c19u200bxksb0pxsq5hti,"Georg Jensen Bloom Botanica Tea Lights","Heal's",https://www.heals.com/products/bloom-botanica-tea-light-set-of-2,,"Source: K",63.5,"Home, Style & Objects > Home and interiors",UNISEX,No,No,9
186,cmu5jmqyt00xvksb0ajdbnbd7,"Georg Jensen Sky Coaster Set","Heal's",https://www.heals.com/products/sky-coaster-set#product-content-10515525402957,,"Source: K",85,"Home and interiors",UNISEX,No,No,9
187,cmu5c1orz00ehksb0btb2k3ut,"Glasses Case","Nao Design",https://naoadesign.com/collections/goodbye-to-bulky-cases-scratched-lenses/products/printed-apple-leather-slim-glasses-case-5,,"Occasion: Practical and no-nonsense
Source: G",30,"Home, Style & Objects > Fashion & accessories",UNISEX,No,No,45
188,cmu5jly2q00t0ksb06iyb2vgi,"Glasses Case","Nao Design",https://naoadesign.com/collections/goodbye-to-bulky-cases-scratched-lenses/products/printed-apple-leather-slim-glasses-case-5,,"Occasion: Practical and no-nonsense
Source: G",30,"Home, Style & Objects > Fashion & accessories",UNISEX,No,No,45
189,cmu5bzu5z003gksb0qzhj5s78,"GLAZER mini Classic Ice","Ori Future",https://orifuture.com/products/glazer-mini-classic-clear-ice-mold?variant=51237944557872,,"Source: K",23,"Food & Drink > Spirits & Cocktails",UNISEX,No,No,9
190,cmu5jkoqf00kiksb02c2o6olq,"GLAZER mini Classic Ice","Ori Future",https://orifuture.com/products/glazer-mini-classic-clear-ice-mold?variant=51237944557872,,"Source: K",23,"Food & Drink > Spirits & Cocktails",UNISEX,No,No,9
191,cmu5jlwge00sqksb04zlfvxtj,"Glow Mirror","Beautifect",https://www.beautifect.com/products/beautifect-glow-mirror,,"Source: G",159,"Lifestyle & Wellbeing > Beauty & skincare",FEMALE,No,No,9
192,cmu5c1mh100e3ksb02w4uivwt,"Glow Mirror","Beautifect",https://www.beautifect.com/products/beautifect-glow-mirror,,"Source: G",159,"Lifestyle & Wellbeing > Beauty & skincare",FEMALE,No,No,9
193,cmu5c1n8n00e8ksb0xl98054i,"Golden Hour Perfume","Atelier Rebul",https://atelierrebul.co.uk/products/istanbul-golden-hour-eau-de-parfum-50ml,,"Source: G",60,"Lifestyle & Wellbeing > Beauty & skincare",FEMALE,No,No,9
194,cmu5jlx9g00suksb0vilbp5ta,"Golden Hour Perfume","Atelier Rebul",https://atelierrebul.co.uk/products/istanbul-golden-hour-eau-de-parfum-50ml,,"Source: G",60,"Lifestyle & Wellbeing > Beauty & skincare",FEMALE,No,No,9
195,cmu5jnsaa012pksb0oj4477ku,"Great Pretenders The 5th Avenue Paillette Cape","Daisy Daisy",https://www.daisydaisydirect.co.uk/childrens-fancy-dress-brighton/GP0010.html,,"Source: K",32,"Children",FEMALE,No,No,9
196,cmu5c0gj00074ksb0ik43til2,"GROOMING SET","Le Labo",https://www.lelabofragrances.com/grooming/grooming-set?source=shoppingads&region=GB&locale=EN&size=2x120ml,,"Source: K",80,"Lifestyle & Wellbeing > Beauty & Skincare",MALE,No,No,9
197,cmu5jl38300n8ksb078hlknla,"GROOMING SET","Le Labo",https://www.lelabofragrances.com/grooming/grooming-set?source=shoppingads&region=GB&locale=EN&size=2x120ml,,"Source: K",80,"Lifestyle & Wellbeing > Beauty & Skincare",MALE,No,No,9
198,cmu5c0t4l0096ksb03ikki4qs,"Gucci G-Chrono Stainless Steel Bracelet Watch","Ernest Jones",https://www.ernestjones.co.uk/gucci-gchrono-stainless-steel-bracelet-watch/p/V-3460452,,"Source: K",1190,"Home, Style & Objects > Watches",MALE,No,No,9
199,cmu5jlc9g00ouksb0sl6bqgl5,"Gucci G-Chrono Stainless Steel Bracelet Watch","Ernest Jones",https://www.ernestjones.co.uk/gucci-gchrono-stainless-steel-bracelet-watch/p/V-3460452,,"Source: K",1190,"Home, Style & Objects > Watches",MALE,No,No,9
200,cmu5c0z0400a7ksb066gbcbf2,"Gucci G-Timeless watch","Watches of Switzerland",https://www.watches-of-switzerland.co.uk/Gucci-G+Timeless-watch..-29mm-YA1265019/p/17371444,,"Source: K",1180,"Home, Style & Objects > Watches",FEMALE,No,No,9
201,cmu5jlgcn00poksb0g14lbi80,"Gucci G-Timeless watch","Watches of Switzerland",https://www.watches-of-switzerland.co.uk/Gucci-G+Timeless-watch..-29mm-YA1265019/p/17371444,,"Source: K",1180,"Home, Style & Objects > Watches",FEMALE,No,No,9
202,cmu5c0m5j0083ksb0vnr5etql,"Gucci Interlocking 18ct Yellow Gold Stud Earrings","Chisholm Hunter",https://www.chisholmhunter.co.uk/gucci-interlocking-g-18ct-yellow-gold-stud-earrings-ybd662111001.html,,"Source: K",760,"Home, Style & Objects > Jewellery",FEMALE,No,No,9
203,cmu5jl71100o0ksb0tlct0h45,"Gucci Interlocking 18ct Yellow Gold Stud Earrings","Chisholm Hunter",https://www.chisholmhunter.co.uk/gucci-interlocking-g-18ct-yellow-gold-stud-earrings-ybd662111001.html,,"Source: K",760,"Home, Style & Objects > Jewellery",FEMALE,No,No,9
204,cmu5c0opo008kksb0fc07ixuq,"Guess Emerson 42mm Mens Watch Green","Goldsmiths",https://www.goldsmiths.co.uk/Guess-Emerson-42mm-Mens-Watch-Green-GW0976G5/p/17824141,,"Source: K",65,"Home, Style & Objects > Watches",MALE,No,No,9
205,cmu5jl97400oeksb0fyj0h8us,"Guess Emerson 42mm Mens Watch Green","Goldsmiths",https://www.goldsmiths.co.uk/Guess-Emerson-42mm-Mens-Watch-Green-GW0976G5/p/17824141,,"Source: K",65,"Home, Style & Objects > Watches",MALE,No,No,9
206,cmu5jml5h00wyksb0miybcofv,"Hammered Braided Brass Wire Cuff Bracelet | Semi Matte Gold Boho Statement Bangle","Wolf & Badger",https://www.wolfandbadger.com/uk/hammered-braided-brass-wire-cuff-bracelet-semi-matte-gold-boho-statement-bangle/,,"Source: K",65,"Jewellery",FEMALE,No,No,9
207,cmu5jmtyn00ydksb06tb01n05,"Happy Veggies Wooden Puzzle","Sense Nest",https://www.sensenest.co.uk/products/happy-veggies-wooden-puzzle?variant=53328059203931&country=GB&currency=GBP,,"Source: K",17.99,"Children",UNISEX,No,No,9
208,cmu5jmsby00y4ksb0c4d0u08a,"Hardcrafted Blue Amber Glass","Masu",https://masuhome.com/products/edo-kiriko-handcrafted-blue-amber-whiskey-glass,,"Shipping from Canada within 2 weeks
Source: K",105,"Home and interiors",UNISEX,No,No,45
209,cmu5jlhz900q0ksb098611n3l,"Heritage Tan Leather Gardening Gloves Yellow Leather","The British Emporium",https://www.thebritishemporium.com/p/heritage-tan-gardening-gloves-y-leather/,,"Source: K",43,"Home, Style & Objects > Gardening",UNISEX,No,No,9
210,cmu5c11c100amksb05pd78chp,"Heritage Tan Leather Gardening Gloves Yellow Leather","The British Emporium",https://www.thebritishemporium.com/p/heritage-tan-gardening-gloves-y-leather/,,"Source: K",43,"Home, Style & Objects > Gardening",UNISEX,No,No,9
211,cmu5jlp5000r8ksb09m4kmafx,"Hermes Avalon throw blanket","Hermes",https://www.hermes.com/uk/en/product/avalon-throw-blanket-H102668Mv52/,,"Source: K",1620,"Home, Style & Objects > Home and interiors",UNISEX,No,No,9
212,cmu5c1bd800c7ksb0wj5jvbt6,"Hermes Avalon throw blanket","Hermes",https://www.hermes.com/uk/en/product/avalon-throw-blanket-H102668Mv52/,,"Source: K",1620,"Home, Style & Objects > Home and interiors",UNISEX,No,No,9
213,cmu5c1l6q00dvksb0xn42qzum,"Hermes Fragrance Disovery Set","Cosmetify",https://www.cosmetify.com/hermes-miniature-discovery-set/,,"Source: G",100,"Lifestyle & Wellbeing > Beauty & skincare",FEMALE,No,No,9
214,cmu5jlvn700skksb0lk5c3xr3,"Hermes Fragrance Disovery Set","Cosmetify",https://www.cosmetify.com/hermes-miniature-discovery-set/,,"Source: G",100,"Lifestyle & Wellbeing > Beauty & skincare",FEMALE,No,No,9
215,cmu5jo9bd013oksb0bxu9jtr4,"History Subscription Box for ages 6-11; learn through story driven adventures","Mysteries in Time",https://mysteriesintime.com/,,"Subscription from £15 a month
Source: G",15,"Children",UNISEX,No,No,39
216,cmu5jmnvk00xgksb0abgezpci,"HK Living - 70s ceramics:  XS bowls Set of 4 - Modernist","Haygen",https://www.haygenshop.com/products/hk-living-70s-ceramics-xs-bowls-set-of-4-modernist,,"Source: K",34.99,"Home and interiors",UNISEX,No,No,9
217,cmu5jltqk00s6ksb00oevzfi0,"Hot Towel Heater","DIY",https://www.diy.com/departments/costway-towel-warmer-bucket-20l-large-capacity-hot-towel-heater-with-fragrance-holder-white/7984707610324_BQ.prd?&&&&gclid=d331ccd281bd12ac7e79a6fc0c2001c4&gclsrc=3p.ds&msclkid=d331ccd281bd12ac7e79a6fc0c2001c4,,"Source: G",68,"Home, Style & Objects > Home & interiors",UNISEX,No,No,9
218,cmu5c1ik400dfksb0ekl10u6o,"Hot Towel Heater","DIY",https://www.diy.com/departments/costway-towel-warmer-bucket-20l-large-capacity-hot-towel-heater-with-fragrance-holder-white/7984707610324_BQ.prd?&&&&gclid=d331ccd281bd12ac7e79a6fc0c2001c4&gclsrc=3p.ds&msclkid=d331ccd281bd12ac7e79a6fc0c2001c4,,"Source: G",68,"Home, Style & Objects > Home & interiors",UNISEX,No,No,9
219,cmu5jn5dm010aksb0yu1xuw9q,"Hot Wheels City Hot Wheels Ultimate Dual Dragon Transporter and Cars Playset","Disney Store",https://www.disneystore.co.uk/woody-interactive-talking-action-figure-toy-story-417138061238.html,,"Source: K",39,"Children",MALE,No,No,9
220,cmu5jn1f300zlksb0c3lwqjn8,"Hot Wheels City Hot Wheels Ultimate Dual Dragon Transporter and Cars Playset","The Entertainer",https://www.thetoyshop.com//transport-toys/garages/Hot-Wheels-City-Hot-Wheels-Ultimate-Dual-Dragon-Transporter-and%C2%A0Cars-Playset/p/575059?,,"Source: K",39,"Children",MALE,No,No,9
221,cmu5jmzrl00zbksb0uiddevai,"Hot Wheels Monster Trucks 1:64 Trophy Champions Collection","Smyths Toys",https://www.smythstoys.com/uk/en-gb/toys/construction-and-cars/hot-wheels/hot-wheels-cars-and-trucks/hot-wheels-monster-trucks-1-64-trophy-champions-collection-die-cast-cars-11-pack/p/244855,,"Source: K",23.99,"Children",MALE,No,No,9
222,cmu5c1eyk00ctksb0no9lzfsy,"Hugo Boss Mens Grand Prix Watch","Hugo Boss",https://www.the-watch-studio.com/mens-watches-c2/hugo-boss-hb-1513676-mens-grand-prix-watch-p1220,,"Source: G",349,"Home, Style & Objects > Watches",MALE,No,No,9
223,cmu5jlrap00roksb0hc8pll62,"Hugo Boss Mens Grand Prix Watch","Hugo Boss",https://www.the-watch-studio.com/mens-watches-c2/hugo-boss-hb-1513676-mens-grand-prix-watch-p1220,,"Source: G",349,"Home, Style & Objects > Watches",MALE,No,No,9
224,cmu5jnfbz0119ksb0dcazy4ge,"Hydraulic Robot Arm","The Range",https://www.therange.co.uk/toys/electric-and-interactive-toys/interactive-toys/hydraulic-robot-arm,,"Source: K",33.4,"Children",MALE,No,No,9
225,cmu5c099e005zksb0v6owldiz,"Incense Cones Set - Palo Santo","Yoga Matters",https://www.yogamatters.com/products/parigotte-incense-cones-set-palo-santo?variant=54016396362113&currency=GBP,,"Sustainability & Eco Living
Source: K",26,"Lifestyle & Wellbeing > Spirituality",UNISEX,No,No,37
226,cmu5jkxzk00mcksb0556aa49a,"Incense Cones Set - Palo Santo","Yoga Matters",https://www.yogamatters.com/products/parigotte-incense-cones-set-palo-santo?variant=54016396362113&currency=GBP,,"Sustainability & Eco Living
Source: K",26,"Lifestyle & Wellbeing > Spirituality",UNISEX,No,No,37
227,cmu5jmj8v00wnksb0572dxjhm,"Infinity Charm Bracelet in Gold","lisaangel.co.uk",https://www.lisaangel.co.uk/infinity-charm-bracelet-gold,,"Source: K",22,"Jewellery",FEMALE,No,No,9
228,cmu5c08r1005wksb0ynq6zzg6,"Inner Bloom (Sandalwood, Lavender) | Ume Premium Incense","Lotus Zen",https://lotuszenincense.co.uk/collections/premium-incense/products/inner-bloom-sandalwood-lavender-ume-premium-incense,,"Source: K",25,"Lifestyle & Wellbeing > Spirituality",UNISEX,No,No,9
229,cmu5jkxpp00maksb04252ajub,"Inner Bloom (Sandalwood, Lavender) | Ume Premium Incense","Lotus Zen",https://lotuszenincense.co.uk/collections/premium-incense/products/inner-bloom-sandalwood-lavender-ume-premium-incense,,"Source: K",25,"Lifestyle & Wellbeing > Spirituality",UNISEX,No,No,9
230,cmu5jo52f0130ksb0cz92lhwd,"Janod Kawaii Create Your Own Origami Boxes","Crafts 4 Kids",https://www.crafts4kids.co.uk/products/janod-kawaii-create-your-own-origami-boxes?variant=55380063158645,,"Source: K",8.5,"Children",FEMALE,No,No,9
231,cmu5jmx9k00yvksb0838zl7n1,"Janod Tropik - Multi Activity Trolley","Hello Baby",https://www.hellobabydirect.com/products/janod-tropik-multi-activity-trolley-1?variant=45524377731325&country=GB&currency=GBP,,"Source: K",72.99,"Children",MALE,No,No,9
232,cmu5c0xq4009yksb0g599lau6,"Jazzmaster Quartz 32mm","Hamilton",https://www.hamiltonwatch.com/en-gb/h32301171-jazzmaster-quartz.html,,"Source: K",390,"Home, Style & Objects > Watches",FEMALE,No,No,9
233,cmu5jlf9k00pgksb03ogzxot0,"Jazzmaster Quartz 32mm","Hamilton",https://www.hamiltonwatch.com/en-gb/h32301171-jazzmaster-quartz.html,,"Source: K",390,"Home, Style & Objects > Watches",FEMALE,No,No,9
234,cmu5c0vff009jksb0x53bpk58,"Junghans Max Bill","Galio",https://www.galio.co.uk/product-page/junghans-max-bill-automatic,,"Source: K",1585,"Home, Style & Objects > Watches",MALE,No,No,9
235,cmu5jldmo00p4ksb05yxdwfnh,"Junghans Max Bill","Galio",https://www.galio.co.uk/product-page/junghans-max-bill-automatic,,"Source: K",1585,"Home, Style & Objects > Watches",MALE,No,No,9
236,cmu5jmzhh00z9ksb0n04k5tmd,"Jungle Dough Sensory Kids Craft Kit","Crafts 4 Kids",https://www.crafts4kids.co.uk/products/jungle-dough-sensory-kids-craft-kit?variant=57113522143605,,"Source: K",19.95,"Children",UNISEX,No,No,9
237,cmu5bzb4j000gksb04um19t00,"Kai Shun Premier Chef & Utility Knife Set","Borough Kitchen",https://www.boroughkitchen.com/products/kai-shun-premier-chef-utility-knife-set,,"Source: K",299,"Food & Drink > Cooking & Food",UNISEX,No,No,9
238,cmu5jkcrd00icksb0dqgxfnv8,"Kai Shun Premier Chef & Utility Knife Set","Borough Kitchen",https://www.boroughkitchen.com/products/kai-shun-premier-chef-utility-knife-set,,"Source: K",299,"Food & Drink > Cooking & Food",UNISEX,No,No,9
239,cmu5c0uem009dksb0ulxbt072,"Khaki Navy GMT Auto","Hamilton",https://www.hamiltonwatch.com/en-gb/h82555150-khaki-navy-scuba-gmt-auto.html,,"Source: K",1265,"Home, Style & Objects > Watches",MALE,No,No,9
240,cmu5jld3400p0ksb0m10gfvr6,"Khaki Navy GMT Auto","Hamilton",https://www.hamiltonwatch.com/en-gb/h82555150-khaki-navy-scuba-gmt-auto.html,,"Source: K",1265,"Home, Style & Objects > Watches",MALE,No,No,9
241,cmu5jngns011cksb0p2c10c48,"Kids' Ages 8 to 12 Years Skateboard","Decathlon",https://www.decathlon.co.uk/p/kids-ages-8-to-12-years-skateboard-size-7-5-cp500-mid-flag/334984/c121c227c347m8652998,,"Source: K",59.99,"Children",MALE,No,No,9
242,cmu5jnh6t011eksb0dbgw3ogk,"Kids Interactive, Inflatable LED Punch Bag","The Range",https://www.therange.co.uk/toys/electric-and-interactive-toys/interactive-toys/kids-interactive-inflatable-led-punch-bag,,"Source: K",59.99,"Children",MALE,No,No,9
243,cmu5jmyxh00z5ksb0sntqd5ai,"Kids Space Hopper - Super Heroes","Crafts 4 Kids",https://www.crafts4kids.co.uk/products/djeco-super-jumper-jumping-ball?variant=55242384408949,,"Source: K",16.5,"Children",UNISEX,No,No,9
244,cmu5jo6iw0137ksb07zj8rkwi,"KIDYKARAOKE Portable Karaoke Speaker Green by Kidywolf","Little Concepts",https://www.littleconcepts.co.uk/products/kidykaraoke-portable-karaoke-speaker-green,,"Source: K",64.98,"Children",FEMALE,No,No,9
245,cmu5c210s00ggksb0sksql8dc,"Knot Belt","Bottega Veneta",https://www.bottegaveneta.com/en-gb/knot-belt-black-743753VALKO1019.html,,"Popular. Available in 8 sizes. Free express shipping.
Occasion: Any occasion
Source: M",380,"Home, Style & Objects > Fashion & accessories",FEMALE,No,Yes,86
246,cmu5jm6l500ukksb0zvs87vhu,"Knot Belt","Bottega Veneta",https://www.bottegaveneta.com/en-gb/knot-belt-black-743753VALKO1019.html,,"Popular. Available in 8 sizes. Free express shipping.
Occasion: Any occasion
Source: M",380,"Home, Style & Objects > Fashion & accessories",FEMALE,No,Yes,86
247,cmu5jo5pg0134ksb061i7n3a5,"K-Pop Demon Hunters HUNTR/X Rumi","Very.co.uk",https://www.very.co.uk/k-pop-demon-hunters-huntrx-rumi-how-its-done-fashion-doll-with-sword-amp-microphone-accessories/1601324411.prd,,"Source: K",29.99,"Children",FEMALE,No,No,9
248,cmu5bzpzd002wksb0fovn344b,"Kusmi Tea","Selfridges",https://www.selfridges.com/GB/en/product/kusmi-tea-organic-collection-loose-leaf-tea-gift-box_R04387660/,,"Source: K",99.99,"Food & Drink > Coffee & Tea",UNISEX,No,No,9
249,cmu5jklhb00k2ksb0pv2dbxbb,"Kusmi Tea","Selfridges",https://www.selfridges.com/GB/en/product/kusmi-tea-organic-collection-loose-leaf-tea-gift-box_R04387660/,,"Source: K",99.99,"Food & Drink > Coffee & Tea",UNISEX,No,No,9
250,cmu5bzlw50028ksb0m7eydblj,"Laguiole En Aubrac Sommelier Waiter's Corkscrew, Red Pakawood Handle, Wine Opener with Foil Cutter & Bottle Opener","Amazon",https://www.amazon.co.uk/dp/B0DPBDRT3N/?tag=ceukreviews,,"Source: K",205,"Food & Drink > Wine, beer & drinks",UNISEX,No,No,9
251,cmu5jkj1700jmksb0w10zb8j9,"Laguiole En Aubrac Sommelier Waiter's Corkscrew, Red Pakawood Handle, Wine Opener with Foil Cutter & Bottle Opener","Amazon",https://www.amazon.co.uk/dp/B0DPBDRT3N/?tag=ceukreviews,,"Source: K",205,"Food & Drink > Wine, beer & drinks",UNISEX,No,No,9
252,cmu5c0i1y007cksb0agfj4xl1,"La Mer The Hydration Boost Collection","Elys Wimbledon",https://www.elyswimbledon.co.uk/products/la-mer-the-hydration-boost-collection?variant=55646593941881&currency=GBP,,"Source: K",330,"Lifestyle & Wellbeing > Beauty & Skincare",FEMALE,No,No,9
253,cmu5jl41b00neksb0gxvrj7zf,"La Mer The Hydration Boost Collection","Elys Wimbledon",https://www.elyswimbledon.co.uk/products/la-mer-the-hydration-boost-collection?variant=55646593941881&currency=GBP,,"Source: K",330,"Lifestyle & Wellbeing > Beauty & Skincare",FEMALE,No,No,9
254,cmu5jkbo300i4ksb0igc0oj3n,"Larousse Gastro by Prosper Montagné","fortnumandmason.com",https://www.fortnumandmason.com/larousse-gastro-by-prosper-montagne,,"Source: K",76,"Food & Drink > Cooking & Food",UNISEX,No,No,9
255,cmu5bz9l70006ksb0p21hrcg0,"Larousse Gastro by Prosper Montagné","fortnumandmason.com",https://www.fortnumandmason.com/larousse-gastro-by-prosper-montagne,,"Source: K",76,"Food & Drink > Cooking & Food",UNISEX,No,No,9
256,cmu5jmof800xjksb0yc713tse,"Larton Scalloped Marble Bowl","The White Company",https://www.thewhitecompany.com/uk/Larton-Scalloped-Marble-Bowl/p/A13894,,"Source: K",45,"Home and interiors",UNISEX,No,No,9
257,cmu5jn7s8010jksb0m55h18r6,"Laser X Revolution Laser Tag Double Blasters 2 Pack","Smyths Toys",https://www.smythstoys.com/uk/en-gb/toys/construction-and-cars/blasters-and-toy-guns/laser-x-revolution-laser-tag-double-blasters-2-pack/p/211190,,"Source: K",29.99,"Children",MALE,No,No,9
258,cmu5bzj2x001rksb0zni86euv,"L'Atelier du Vin, Oeno Motion, Corkscrew Gift Box, Chrome & Wood","David Shuttle",https://www.davidshuttle.com/products/latelier-du-vin-oeno-motion-corkscrew-gift-box-chrome-wood?variant=44849340416178&currency=GBP,,"Source: K",119,"Food & Drink > Wine, beer & drinks",UNISEX,No,No,9
259,cmu5jkhdo00jaksb0mcif2m2f,"L'Atelier du Vin, Oeno Motion, Corkscrew Gift Box, Chrome & Wood","David Shuttle",https://www.davidshuttle.com/products/latelier-du-vin-oeno-motion-corkscrew-gift-box-chrome-wood?variant=44849340416178&currency=GBP,,"Source: K",119,"Food & Drink > Wine, beer & drinks",UNISEX,No,No,9
260,cmu5c14nl00b7ksb0ocyq87mp,"Lay-Z-Spa Helsinki AirJet Plus Inflatable Square Smart Hot Tub with Cover","John Lewis",https://www.johnlewis.com/lay-z-spa-helsinki-airjet-plus-inflatable-square-smart-hot-tub-with-cover-7-person/p115380817,,"Source: K",650,"Home, Style & Objects > Gardening",UNISEX,No,No,9
261,cmu5jlk5f00qgksb0sv80tfr2,"Lay-Z-Spa Helsinki AirJet Plus Inflatable Square Smart Hot Tub with Cover","John Lewis",https://www.johnlewis.com/lay-z-spa-helsinki-airjet-plus-inflatable-square-smart-hot-tub-with-cover-7-person/p115380817,,"Source: K",650,"Home, Style & Objects > Gardening",UNISEX,No,No,9
262,cmu5c06yk005lksb0oeu8hp9h,"Leather Home and Away Gift Set","Paradise Row London",https://www.paradiserowlondon.com/products/leather-home-and-away-set-1?variant=42735079162027&country=GB&currency=GBP,,"Source: K",390,"Lifestyle & Wellbeing > Fashion & accessories",UNISEX,No,No,9
263,cmu5jkwcq00m2ksb0h1c0a025,"Leather Home and Away Gift Set","Paradise Row London",https://www.paradiserowlondon.com/products/leather-home-and-away-set-1?variant=42735079162027&country=GB&currency=GBP,,"Source: K",390,"Lifestyle & Wellbeing > Fashion & accessories",UNISEX,No,No,9
264,cmu5jm4ox00u6ksb0cnv0rke3,"Leather Ribbed-Cuff Gloves in Black","Reiss",https://www.reiss.com/style/su422793/e78634,,"Also available in dark brown. Free in store collection.
Occasion: Any occasion
Source: M",110,"Home, Style & Objects > Fashion & accessories",MALE,No,Yes,88
265,cmu5c1yge00fzksb0pdce89r4,"Leather Ribbed-Cuff Gloves in Black","Reiss",https://www.reiss.com/style/su422793/e78634,,"Also available in dark brown. Free in store collection.
Occasion: Any occasion
Source: M",110,"Home, Style & Objects > Fashion & accessories",MALE,No,Yes,88
266,cmu5c155z00bbksb0hhff77l1,"Leather Tool Roll Up Pouch","Amazon",https://www.amazon.co.uk/Rustic-Town-Leather-Tool-Pouch/dp/B09CMLM6VW,,"Source: K",39.99,"Home, Style & Objects > DIY and tools",UNISEX,No,No,9
267,cmu5jlkyr00qkksb0zka2utlx,"Leather Tool Roll Up Pouch","Amazon",https://www.amazon.co.uk/Rustic-Town-Leather-Tool-Pouch/dp/B09CMLM6VW,,"Source: K",39.99,"Home, Style & Objects > DIY and tools",UNISEX,No,No,9
268,cmu5jn3ge00zyksb0flx7a6nf,"LEGO Creator 3 in 1 Fierce Dinosaur Construction Set","The Entertainer",https://www.thetoyshop.com//construction-toys/building-blocks/LEGO-Creator-3-in-1-Fierce-Dinosaur-Construction-Set-31379/p/578229,,"Source: K",20,"Children",MALE,No,No,9
269,cmu5jn1z200zoksb0vkdsdlqo,"LEGO® DUPLO® 10459 Bluey: Bluey’s Family House","Frasers",https://www.houseoffraser.co.uk/brand/lego/lego-duplo-10459-bluey-blueys-family-house-with-memory-game-interactive-toy-707794#colcode=70779499,,"Source: K",42,"Children",UNISEX,No,No,9
270,cmu5jmwfy00ysksb0yw4eqo8b,"LEGO DUPLO 10914 Deluxe Brick Box Classic Building Bricks Set","Smyths Toys",https://www.smythstoys.com/uk/en-gb/toys/lego-and-bricks/lego-duplo/lego-duplo-10914-deluxe-brick-box-classic-building-bricks-set/p/183671,,"Source: K",38.99,"Children",MALE,No,No,9
271,cmu5c1xy000fwksb0980bpi1i,"Leia Leopard Print Cotton Scarf in Light Grey","All Saints",https://www.allsaints.com/women/accessories/leia-leopard-print-cotton-scarf/W340XE-103.html,,"Saturday delivery available, Payment plan options.
Occasion: Any occasion
Source: M",99,"Home, Style & Objects > Fashion & accessories",FEMALE,No,Yes,83
272,cmu5jm4f300u4ksb028ze92f3,"Leia Leopard Print Cotton Scarf in Light Grey","All Saints",https://www.allsaints.com/women/accessories/leia-leopard-print-cotton-scarf/W340XE-103.html,,"Saturday delivery available, Payment plan options.
Occasion: Any occasion
Source: M",99,"Home, Style & Objects > Fashion & accessories",FEMALE,No,Yes,83
273,cmu5jmbd900vaksb0ja3ythsz,"Leurre Sunglasses","Oliver Peoples",https://www.oliverpeoples.com/en-gb/products/0ov5615su-1731r5,,"Available in 4 colours.
Occasion: Any occasion
Source: M",346,"Home, Style & Objects > Fashion & accessories",FEMALE,No,Yes,56
274,cmu5c28eu00hhksb08bhi53e0,"Leurre Sunglasses","Oliver Peoples",https://www.oliverpeoples.com/en-gb/products/0ov5615su-1731r5,,"Available in 4 colours.
Occasion: Any occasion
Source: M",346,"Home, Style & Objects > Fashion & accessories",FEMALE,No,Yes,56
275,cmu5c0dgb006kksb0jp11wp0w,"Level 1 Foundation In Sound Healing Starter Kit","Sound Therapy Shop",https://soundtherapyshop.co.uk/products/level-1-foundation-in-sound-healing-starter-kit,,"Source: K",175.75,"Lifestyle & Wellbeing > Spirituality",UNISEX,No,No,9
276,cmu5jl11z00msksb0fwot0snj,"Level 1 Foundation In Sound Healing Starter Kit","Sound Therapy Shop",https://soundtherapyshop.co.uk/products/level-1-foundation-in-sound-healing-starter-kit,,"Source: K",175.75,"Lifestyle & Wellbeing > Spirituality",UNISEX,No,No,9
277,cmu5jnvfq012sksb0n5tnbr8f,"Liewood Dante Silicone Beach Set","Alf & Co",https://alfandco.co.uk/products/liewood-dante-beach-set-liewood-bucket-and-spade-set-sand-toys?variant=42396239233274&currency=GBP,,"Source: K",39,"Children",UNISEX,No,No,9
278,cmu5jnmx6011zksb09xbx8c01,"Liewood - Lennart Doctor Set","No.14 Ampthill",https://www.numberfourteenampthill.co.uk/products/lennart-doctor-set-blue-multi-mix,,"Source: K",28,"Children",FEMALE,No,No,9
279,cmu5c1q9a00ekksb0r1vrwa2d,"Life Designer Journal Exclusive","Intelligent Change",https://www.intelligentchange.com/products/life-designer-journal,,"Occasion: Creative and expressive
Source: G",30,"Lifestyle & Wellbeing > Spirituality",UNISEX,No,No,43
280,cmu5jlz8k00t2ksb00br00a4b,"Life Designer Journal Exclusive","Intelligent Change",https://www.intelligentchange.com/products/life-designer-journal,,"Occasion: Creative and expressive
Source: G",30,"Lifestyle & Wellbeing > Spirituality",UNISEX,No,No,43
281,cmu5jm61m00ugksb0a1p7ilmu,"Lily bag in Marina Blue Heavy Grain","Mulberry",https://www.mulberry.com/gb/shop/occasionwear-edit/lily-marina-blue-heavy-grain,,"Available in 8 colours. Free standard delivery (3-4wds).
Occasion: Any occasion
Source: M",1095,"Home, Style & Objects > Fashion & accessories",FEMALE,No,Yes,89
282,cmu5c209000gbksb0zs3wdmaf,"Lily bag in Marina Blue Heavy Grain","Mulberry",https://www.mulberry.com/gb/shop/occasionwear-edit/lily-marina-blue-heavy-grain,,"Available in 8 colours. Free standard delivery (3-4wds).
Occasion: Any occasion
Source: M",1095,"Home, Style & Objects > Fashion & accessories",FEMALE,No,Yes,89
283,cmu5jmew500vwksb0zkvcnk3c,"Lithium Golf Trolley","Affordable Golf",https://www.affordablegolf.co.uk/products/ben-sayers-lithium-golf-trolley-black,,"Occasion: Any occasion
Source: G",349,"Sport & Fitness > Golf",UNISEX,No,No,32
284,cmu5c1itg00dhksb05amhdszy,"Lola Blankets - Smoky Skies","Healf",https://healf.com/products/lola-blankets-lola-originals-smoky-skies?variant=46666439622895,,"Source: G",296,"Home, Style & Objects > Home & interiors",UNISEX,No,No,9
285,cmu5jlu0c00s8ksb0ywsq1fvl,"Lola Blankets - Smoky Skies","Healf",https://healf.com/products/lola-blankets-lola-originals-smoky-skies?variant=46666439622895,,"Source: G",296,"Home, Style & Objects > Home & interiors",UNISEX,No,No,9
286,cmu5jlgw600psksb0zw5hbcr0,"LONGINES DOLCEVITA","Longines",https://www.longines.com/en-gb/p/watch-longines-dolcevita-l5-255-4-71-0,,"Source: K",1400,"Home, Style & Objects > Watches",FEMALE,No,No,9
287,cmu5c0zil00abksb0nfnud393,"LONGINES DOLCEVITA","Longines",https://www.longines.com/en-gb/p/watch-longines-dolcevita-l5-255-4-71-0,,"Source: K",1400,"Home, Style & Objects > Watches",FEMALE,No,No,9
288,cmu5jldcv00p2ksb0rbvycuh8,"Longines HYDROCONQUEST","Longines",https://www.longines.com/en-gb/p/watch-hydroconquest-l3-742-4-96-6,,"Source: K",1300,"Home, Style & Objects > Watches",MALE,No,No,9
289,cmu5c0ux1009gksb0gy4jqlo3,"Longines HYDROCONQUEST","Longines",https://www.longines.com/en-gb/p/watch-hydroconquest-l3-742-4-96-6,,"Source: K",1300,"Home, Style & Objects > Watches",MALE,No,No,9
290,cmu5jn9py010tksb0pnm7133u,"loog mini acoustic","loog",https://loogguitars.com/products/loog-mini-acoustic-green?variant=41406428545086,,"Source: K",90,"Children",UNISEX,No,No,9
291,cmu5jljvm00qeksb0ewntjehc,"Lumi Therapy Recovery Pod ice Barrel","John Lewis",https://www.johnlewis.com/lumi-therapy-recovery-pod-pro-ice-barrel-stone-grey/p113044995,,"Source: K",325,"Home, Style & Objects > Gardening",UNISEX,No,No,9
292,cmu5c14ee00b5ksb0nmbwn47s,"Lumi Therapy Recovery Pod ice Barrel","John Lewis",https://www.johnlewis.com/lumi-therapy-recovery-pod-pro-ice-barrel-stone-grey/p113044995,,"Source: K",325,"Home, Style & Objects > Gardening",UNISEX,No,No,9
293,cmu5jktws00lkksb0bli4ubb1,"Luxury Beard Oil Gift Set","Lord of the Beards",https://www.lordofthebeards.com/products/lotb-gift-set?variant=44918124249369&country=GB&currency=GBP,,"Source: K",49,"Lifestyle & Wellbeing > Beauty & skincare",MALE,No,No,9
294,cmu5c023w004uksb0vkec5cj6,"Luxury Beard Oil Gift Set","Lord of the Beards",https://www.lordofthebeards.com/products/lotb-gift-set?variant=44918124249369&country=GB&currency=GBP,,"Source: K",49,"Lifestyle & Wellbeing > Beauty & skincare",MALE,No,No,9
295,cmu5c0jc7007lksb0ds6w9tge,"Luxury Bracelet Gift Set","Florence London",https://florence-london.com/products/luxury-bracelet-stack-gift-box?variant=53489515135353,,"Source: K",165,"Home, Style & Objects > Jewellery",FEMALE,No,No,9
296,cmu5jl54c00nmksb0keyt5606,"Luxury Bracelet Gift Set","Florence London",https://florence-london.com/products/luxury-bracelet-stack-gift-box?variant=53489515135353,,"Source: K",165,"Home, Style & Objects > Jewellery",FEMALE,No,No,9
297,cmu5c1uve00fcksb0tpo65hr8,"LV Optic 40MM Reversible Belt","Louis Vuitton",https://uk.louisvuitton.com/eng-gb/products/lv-optic-40mm-reversible-belt-monogram-eclipse-nvprod5470165v/M8505V,,"Available in 5 sizes. Timeslot concierge delivery: Next day available.
Occasion: Any occasion
Source: M",535,"Home, Style & Objects > Fashion & accessories",MALE,No,Yes,103
298,cmu5jm28c00toksb04haed2lw,"LV Optic 40MM Reversible Belt","Louis Vuitton",https://uk.louisvuitton.com/eng-gb/products/lv-optic-40mm-reversible-belt-monogram-eclipse-nvprod5470165v/M8505V,,"Available in 5 sizes. Timeslot concierge delivery: Next day available.
Occasion: Any occasion
Source: M",535,"Home, Style & Objects > Fashion & accessories",MALE,No,Yes,103
299,cmu5bzys2004aksb0tp7ghq8y,"MAP Maison Japanese Whisky Tasting Masterclass for Two","Virgin Experience",https://www.virginexperiencedays.co.uk/product/japanese-whisky-masterclass-for-two-at-map-maison,,"Experience
Source: K",132,"Food & Drink > Spirits & Cocktails > Whisky",UNISEX,No,No,20
300,cmu5jks0h00l6ksb0rlhblhcs,"MAP Maison Japanese Whisky Tasting Masterclass for Two","Virgin Experience",https://www.virginexperiencedays.co.uk/product/japanese-whisky-masterclass-for-two-at-map-maison,,"Experience
Source: K",132,"Food & Drink > Spirits & Cocktails > Whisky",UNISEX,No,No,20
301,cmu5c1w5l00fkksb0ldvsllnr,"MARC JACOBS The Mini Compact Wallet - Argan Oil","Very.co.uk",https://www.very.co.uk/marc-jacobs-the-mini-compact-wallet-argan-oil/1600932187.prd,,"Free standard delivery orders over £75.
Occasion: Any occasion
Source: M",165,"Home, Style & Objects > Fashion & accessories",FEMALE,No,Yes,72
302,cmu5jm31z00tuksb05317ipbj,"MARC JACOBS The Mini Compact Wallet - Argan Oil","Very.co.uk",https://www.very.co.uk/marc-jacobs-the-mini-compact-wallet-argan-oil/1600932187.prd,,"Free standard delivery orders over £75.
Occasion: Any occasion
Source: M",165,"Home, Style & Objects > Fashion & accessories",FEMALE,No,Yes,72
303,cmu5c0bx5006aksb00e9uvbcd,"Marin Montagut The Tarot of Marseille","Liberty",https://www.libertylondon.com/uk/the-tarot-of-marseille-R638622006.html,,"Source: K",80,"Lifestyle & Wellbeing > Spirituality",UNISEX,No,No,9
304,cmu5jkzyz00mkksb0wt8nm32p,"Marin Montagut The Tarot of Marseille","Liberty",https://www.libertylondon.com/uk/the-tarot-of-marseille-R638622006.html,,"Source: K",80,"Lifestyle & Wellbeing > Spirituality",UNISEX,No,No,9
305,cmu5c16ya00blksb0v85o0gv1,"Marples Trial 1 Rosewood Boxed Set","Workshop Heaven",https://workshopheaven.com/marples-trial-1-rosewood-boxed-set,,"Source: K",187.5,"Home, Style & Objects > DIY and tools",UNISEX,No,No,9
306,cmu5jlm1o00qsksb0d2vluxc6,"Marples Trial 1 Rosewood Boxed Set","Workshop Heaven",https://workshopheaven.com/marples-trial-1-rosewood-boxed-set,,"Source: K",187.5,"Home, Style & Objects > DIY and tools",UNISEX,No,No,9
307,cmu5jn4ju0105ksb0qlyvsv9t,"Marvel Spider-Man Remote Control Skateboard Figure Set","Smyths Toys",https://www.smythstoys.com/uk/en-gb/brand/spider-man/marvel-spider-man-remote-control-skateboard-figure-set/p/234293,,"Source: K",29.99,"Children",MALE,No,No,9
308,cmu5jkjkr00jqksb0riz6ug7k,"Matcha Tea Set","GRIND",https://grind.co.uk/products/matcha-tea-set?variant=54942171693429,,"Source: K",40,"Food & Drink > Coffee & Tea",UNISEX,No,No,9
309,cmu5bzmwz002eksb0j48por0i,"Matcha Tea Set","GRIND",https://grind.co.uk/products/matcha-tea-set?variant=54942171693429,,"Source: K",40,"Food & Drink > Coffee & Tea",UNISEX,No,No,9
310,cmu5c15xi00beksb0ivlwv5dl,"Matthias Fenner No. 805 Walnut and Brass Marking Knife","Workshop Heaven",https://workshopheaven.com/matthias-fenner-no-805-walnut-and-brass-marking-knife/,,"Source: K",51.6,"Home, Style & Objects > DIY and tools",UNISEX,No,No,9
311,cmu5jll8i00qmksb0nxmdqus8,"Matthias Fenner No. 805 Walnut and Brass Marking Knife","Workshop Heaven",https://workshopheaven.com/matthias-fenner-no-805-walnut-and-brass-marking-knife/,,"Source: K",51.6,"Home, Style & Objects > DIY and tools",UNISEX,No,No,9
312,cmu5c1s1t00evksb0p6vf30ij,"Mayfair Handbag","Aspinal of London",https://www.aspinaloflondon.com/products/mayfair-bag-in-black-patent-croc,,"Available in 7 colours. Express and standard delivery options.
Occasion: Any occasion
Source: M",750,"Home, Style & Objects > Fashion & accessories",FEMALE,No,Yes,95
313,cmu5jm0bv00taksb0ik5te7bg,"Mayfair Handbag","Aspinal of London",https://www.aspinaloflondon.com/products/mayfair-bag-in-black-patent-croc,,"Available in 7 colours. Express and standard delivery options.
Occasion: Any occasion
Source: M",750,"Home, Style & Objects > Fashion & accessories",FEMALE,No,Yes,95
314,cmu5c03n20053ksb0nu4ic103,"Men's Grooming Ritual","Ervaia",https://ervaia.com/products/men-set,,"Source: K",80,"Lifestyle & Wellbeing > Sustainability & eco living",MALE,No,No,9
315,cmu5jkuq800lqksb0hbxdbn6r,"Men's Grooming Ritual","Ervaia",https://ervaia.com/products/men-set,,"Source: K",80,"Lifestyle & Wellbeing > Sustainability & eco living",MALE,No,No,9
316,cmu5jmcge00viksb0jb92xnj4,"Men's leather Anti Theft Clutch Bag","Lumirya",https://lumirya.co.uk/products/mens-leather-anti-theft-fingerprint-clutch-bag?variant=47466567303339,,"Shipping protection add on for £5.80. Can be in Tech intrest catagory.
Occasion: Any occasion
Source: M",138,"Home, Style & Objects > Fashion & accessories",MALE,No,Yes,103
317,cmu5c2a7400hsksb07qpmxqbg,"Men's leather Anti Theft Clutch Bag","Lumirya",https://lumirya.co.uk/products/mens-leather-anti-theft-fingerprint-clutch-bag?variant=47466567303339,,"Shipping protection add on for £5.80. Can be in Tech intrest catagory.
Occasion: Any occasion
Source: M",138,"Home, Style & Objects > Fashion & accessories",MALE,No,Yes,103
318,cmu5c05ok005fksb0jo56r3wc,"Men's Portell Wool Fleece Jacket","Finisterre",https://finisterre.com/products/mens-recycled-portell-fleece-jacket-ecru-marl?variant=56202881761664&currency=GBP&srsltid=AfmBOopZ7T8mYDXXuvTAjqPer-QS6HYY8vr3HO3unLOlnVJFecga74L3yIE,,"Source: K",195,"Lifestyle & Wellbeing > Sustainability & eco living",MALE,No,No,9
319,cmu5jkvta00lyksb0kiqorca0,"Men's Portell Wool Fleece Jacket","Finisterre",https://finisterre.com/products/mens-recycled-portell-fleece-jacket-ecru-marl?variant=56202881761664&currency=GBP&srsltid=AfmBOopZ7T8mYDXXuvTAjqPer-QS6HYY8vr3HO3unLOlnVJFecga74L3yIE,,"Source: K",195,"Lifestyle & Wellbeing > Sustainability & eco living",MALE,No,No,9
320,cmu5jku6m00lmksb0c9738qr5,"Men’s Skin Care Heroes","Green People",https://www.greenpeople.co.uk/products/men-s-skin-care-heroes?variant=40862952456237,,"Beauty & Skincare
Source: K",53,"Lifestyle & Wellbeing > Sustainability & eco living",MALE,No,No,27
321,cmu5c02m9004xksb0gkmu9jl7,"Men’s Skin Care Heroes","Green People",https://www.greenpeople.co.uk/products/men-s-skin-care-heroes?variant=40862952456237,,"Beauty & Skincare
Source: K",53,"Lifestyle & Wellbeing > Sustainability & eco living",MALE,No,No,27
322,cmu5c1dxp00cnksb0obfv5a1u,"Men's Thermoball V Traction Mules","The North Face",https://www.thenorthface.com/en-gb/p/shoes-747784/men-s-thermoball-v-traction-mules-NF0A3UZN?color=KY4&srsltid=AfmBOoqeFq8Ptcs_vEUYia36VjCMnRZZiStuNN-KHrJUkokOHNgqLU0r&utm_content=Skimlinks&utm_medium=affiliate&utm_source=CJ&utm_campaign=AFFILIATES_ECOM_UK&CJEVENT=f86989ce643611f180ad00eb0a18ba72,,"Source: G",65,"Home, Style & Objects > Fashion & accessories",FEMALE,No,No,9
323,cmu5jlqr800rkksb01fn4y5zc,"Men's Thermoball V Traction Mules","The North Face",https://www.thenorthface.com/en-gb/p/shoes-747784/men-s-thermoball-v-traction-mules-NF0A3UZN,,"Source: G",65,"Home, Style & Objects > Fashion & accessories",FEMALE,No,No,9
324,cmu5c234b00gtksb06jc55i60,"Merino Baseball Cap in Bracken","Purdey",https://shop.purdey.com/products/merino-baseball-cap-in-bracken?variant=55017439756664,,"Available in 3 sizes and 2 colours
Occasion: Any occasion
Source: M",225,"Home, Style & Objects > Fashion & accessories",UNISEX,No,Yes,67
325,cmu5jm7y500uuksb0qgku3l1w,"Merino Baseball Cap in Bracken","Purdey",https://shop.purdey.com/products/merino-baseball-cap-in-bracken?variant=55017439756664,,"Available in 3 sizes and 2 colours
Occasion: Any occasion
Source: M",225,"Home, Style & Objects > Fashion & accessories",UNISEX,No,Yes,67
326,cmu5jlcjj00owksb0k5j4u5lp,"Mido Ocean Star GMT Mens Watch","Chisholm Hunter",https://www.chisholmhunter.co.uk/mido-ocean-star-gmt-mens-watch-m026-629-11-051-01.html,,"Source: K",1210,"Home, Style & Objects > Watches",MALE,No,No,9
327,cmu5c0tds0098ksb0xly3x06o,"Mido Ocean Star GMT Mens Watch","Chisholm Hunter",https://www.chisholmhunter.co.uk/mido-ocean-star-gmt-mens-watch-m026-629-11-051-01.html,,"Source: K",1210,"Home, Style & Objects > Watches",MALE,No,No,9
328,cmu5jlova00r6ksb09s74jkha,"Milos Chess Set Navy","The Conran Shop",https://theconranshop.com/products/milos-chess-set-navy,,"Source: K",350,"Home, Style & Objects > Home and interiors",UNISEX,No,No,9
329,cmu5c1aux00c4ksb06ox5kmdz,"Milos Chess Set Navy","The Conran Shop",https://theconranshop.com/products/milos-chess-set-navy,,"Source: K",350,"Home, Style & Objects > Home and interiors",UNISEX,No,No,9
330,cmu5c088n005tksb0upe8p8e1,"Mindful Affirmations","Healf",https://healf.com/en-uk/products/mindful-affirmations?variant=43950232076527,,"Source: K",20.99,"Lifestyle & Wellbeing > Spirituality",UNISEX,No,No,9
331,cmu5jkxfu00m8ksb07zg3q2av,"Mindful Affirmations","Healf",https://healf.com/en-uk/products/mindful-affirmations?variant=43950232076527,,"Source: K",20.99,"Lifestyle & Wellbeing > Spirituality",UNISEX,No,No,9
332,cmu5jmxjo00yxksb0bx2t6qf7,"Mini 3in1 Deluxe Ride On Scooter, Blue","John Lewis",https://www.johnlewis.com/micro-scooters-mini-3-in1-deluxe-ride-on-scooter/blue/p4281143,,"Source: K",109.95,"Children",UNISEX,No,No,9
333,cmu5jnl6l011qksb0m8t0spij,"Mini 3in1 Deluxe Ride On Scooter, Pink","John Lewis",https://www.johnlewis.com/micro-scooters-mini-3-in1-deluxe-ride-on-scooter/pink/p4281143,,"Source: K",109.95,"Children",FEMALE,No,No,9
334,cmu5c1sb000exksb0k3gf26r6,"Mini Mayfair Handbag","Aspinal of London",https://www.aspinaloflondon.com/products/mini-mayfair-bag-in-black-patent-croc,,"Available in 10 colours. Express and standard delivery options.
Occasion: Any occasion
Source: M",550,"Home, Style & Objects > Fashion & accessories",FEMALE,No,Yes,96
335,cmu5jm0lt00tcksb0jeblcorc,"Mini Mayfair Handbag","Aspinal of London",https://www.aspinaloflondon.com/products/mini-mayfair-bag-in-black-patent-croc,,"Available in 10 colours. Express and standard delivery options.
Occasion: Any occasion
Source: M",550,"Home, Style & Objects > Fashion & accessories",FEMALE,No,Yes,96
336,cmu5c0xgy009wksb0n67u2f7o,"Mondaine evo2","Watch Pilot",https://www.watchpilot.com/products/mondaine-evo2-35mm-ladies-white-watch?variant=45699053977786&country=GB&currency=GBP,,"Source: K",275,"Home, Style & Objects > Watches",FEMALE,No,No,9
337,cmu5jlezc00peksb08btppkxv,"Mondaine evo2","Watch Pilot",https://www.watchpilot.com/products/mondaine-evo2-35mm-ladies-white-watch?variant=45699053977786&country=GB&currency=GBP,,"Source: K",275,"Home, Style & Objects > Watches",FEMALE,No,No,9
338,cmu5jmlyy00x4ksb0kaw6ex16,"MONET 1980s Vintage Monet Double Link Bracelet","susancaplan.co.uk",https://susancaplan.co.uk/products/1980s-vintage-monet-double-link-bracelet,,"Source: K",145,"Jewellery",FEMALE,No,No,9
339,cmu5c23mp00gwksb0h8ygkrz3,"Montana Trilby - Camel 'Rockabilly'","Jess Collett",https://www.jesscollettmilliner.com/products/montana-trilby-camel-rockabilly-with-feather?variant=55914013819266,,"Optional feather add on.
Occasion: Any occasion
Source: M",280,"Home, Style & Objects > Fashion & accessories",UNISEX,No,Yes,57
340,cmu5jm89l00uwksb0tv7g1yw4,"Montana Trilby - Camel 'Rockabilly'","Jess Collett",https://www.jesscollettmilliner.com/products/montana-trilby-camel-rockabilly-with-feather?variant=55914013819266,,"Optional feather add on.
Occasion: Any occasion
Source: M",280,"Home, Style & Objects > Fashion & accessories",UNISEX,No,Yes,57
341,cmu5jn0v500ziksb0dbyzi8h8,"Montessori Colour Puzzle with Challenge Cards","Jackie's Kids",https://jackies-kids.uk/products/stacki?currency=GBP&country=GB&variant=50719222563158,,"Source: K",34.9,"Children",UNISEX,No,No,9
342,cmu5jmtf300yaksb0cfao7hui,"Montessori Stacking Toy Wooden Blocks","Get Kidzly",https://getkidzly.uk/p/montessori-stacking-toy-wooden-blocks/?attribute_pa_type-toy=steppe-animals,,"Source: K",14.98,"Children",UNISEX,No,No,9
343,cmu5jo5fs0132ksb015b13hk0,"Moulin Roty Giant Soap Bubbles Set","Crafts 4 Kids",https://www.crafts4kids.co.uk/products/moulin-roty-giant-soap-bubbles-set?variant=47659872387394,,"Source: K",29.99,"Children",FEMALE,No,No,9
344,cmu5jn82c010lksb0icddazbh,"Moulin Roty Giant Soap Bubbles Set","Crafts 4 Kids",https://www.crafts4kids.co.uk/products/moulin-roty-giant-soap-bubbles-set?variant=47659872387394,,"Source: K",29.99,"Children",UNISEX,No,No,9
345,cmu5jkexu00isksb0w3lrzfg7,"Multi-Sensory Lab Wine Tasting Experience","Class Bento",https://classbento.co.uk/multi-sensory-lab-wine-tasting-experience-london,,"Experiences
Source: K",65,"Food & Drink > Wine, beer & drinks",UNISEX,No,No,21
346,cmu5bzeq90012ksb03obg1spn,"Multi-Sensory Lab Wine Tasting Experience","Class Bento",https://classbento.co.uk/multi-sensory-lab-wine-tasting-experience-london,,"Experiences
Source: K",65,"Food & Drink > Wine, beer & drinks",UNISEX,No,No,21
347,cmu5jm7em00uqksb0dh9a327a,"Must Wallet in Burgundy","Cartier",https://www.cartier.com/en-gb/bags-and-accessories/small-leather-goods/must-de-cartier/wallet-must-CRL3002703,,"Available in 5 colours. Can be personalised using hot stamping, delivery time will increase.
Occasion: Any occasion
Source: M",570,"Home, Style & Objects > Fashion & accessories",MALE,No,Yes,125
348,cmu5c221t00gnksb0qp6txt09,"Must Wallet in Burgundy","Cartier",https://www.cartier.com/en-gb/bags-and-accessories/small-leather-goods/must-de-cartier/wallet-must-CRL3002703,,"Available in 5 colours. Can be personalised using hot stamping, delivery time will increase.
Occasion: Any occasion
Source: M",570,"Home, Style & Objects > Fashion & accessories",MALE,No,Yes,125
349,cmu5jl5e700noksb0f9rc4dl6,"MV Siren™ Muse Large Hoop Earrings","Monica Vinader",https://www.monicavinader.com/siren-plain-large-hoop-earrings/gold-vermeil-mv-siren-muse-large-hoop-earrings?set_country=GB&currency=GBP,,"Source: K",169,"Home, Style & Objects > Jewellery",FEMALE,No,No,9
350,cmu5c0jle007nksb0pd8nbxym,"MV Siren™ Muse Large Hoop Earrings","Monica Vinader",https://www.monicavinader.com/siren-plain-large-hoop-earrings/gold-vermeil-mv-siren-muse-large-hoop-earrings?set_country=GB&currency=GBP,,"Source: K",169,"Home, Style & Objects > Jewellery",FEMALE,No,No,9
351,cmu5c0567005cksb0q6fu0jxx,"MV Siren™ Muse Slim Cuff (recycled gold vermeil)","Monica Vinader",https://www.monicavinader.com/siren-muse-thin-cuff-/gold-vermeil-mv-siren-muse-slim-cuff,,"Source: K",159,"Lifestyle & Wellbeing > Jewellery",FEMALE,No,No,9
352,cmu5jkvjj00lwksb0a5m3be27,"MV Siren™ Muse Slim Cuff (recycled gold vermeil)","Monica Vinader",https://www.monicavinader.com/siren-muse-thin-cuff-/gold-vermeil-mv-siren-muse-slim-cuff,,"Source: K",159,"Lifestyle & Wellbeing > Jewellery",FEMALE,No,No,9
353,cmu5jn7ic010hksb0355op6fu,"My Magic Show Set - 20 Tricks","Crafts 4 Kids",https://www.crafts4kids.co.uk/products/buki-20-magic-tricks?variant=57097133556085,,"Source: K",19.99,"Children",UNISEX,No,No,9
354,cmu5jn5nh010cksb04tmxkd3s,"Neon Creative Wall Art Video Game Controller","Crafts 4 Kids",https://www.crafts4kids.co.uk/products/buki-neon-frame-gamepad?variant=57359669494133,,"Source: K",14.99,"Children",MALE,No,No,9
355,cmu5jn2wi00zuksb0kkjhcbk4,"NERF Marvel Spider-Man Strike 'N Splash Blaster","Smyths Toys",https://www.smythstoys.com/uk/en-gb/toys/construction-and-cars/nerf/nerf-n-series/nerf-marvel-spider-man-strike-n-splash-blaster/p/255237,,"Source: K",9.99,"Children",MALE,No,No,9
356,cmu5bzrm60032ksb0gx8mfwie,"NEWBYx Matthew Williamson Trio Loose Leaf Tea Gift","Harrods",https://www.harrods.com/en-gb/p/newby-x-matthew-williamson-trio-loose-leaf-tea-gift-set-000000000007825109,,"Source: K",110,"Food & Drink > Coffee & Tea",UNISEX,No,No,9
357,cmu5jkndj00k8ksb0yf1tmnr0,"NEWBYx Matthew Williamson Trio Loose Leaf Tea Gift","Harrods",https://www.harrods.com/en-gb/p/newby-x-matthew-williamson-trio-loose-leaf-tea-gift-set-000000000007825109,,"Source: K",110,"Food & Drink > Coffee & Tea",UNISEX,No,No,9
358,cmu5jljc300qaksb0yi55p14r,"Niwaki hori hori, sheath & sharpening stone gift set","Crocus",https://www.crocus.co.uk/product/_/niwaki-hori-hori-sheath-and-sharpening-stone-gift-set/classid.2000052574,,"Source: K",60.99,"Home, Style & Objects > Gardening",UNISEX,No,No,9
359,cmu5c13mu00b0ksb0bzjny8cw,"Niwaki hori hori, sheath & sharpening stone gift set","Crocus",https://www.crocus.co.uk/product/_/niwaki-hori-hori-sheath-and-sharpening-stone-gift-set/classid.2000052574,,"Source: K",60.99,"Home, Style & Objects > Gardening",UNISEX,No,No,9
360,cmu5c0kvf007vksb0g5u00xk7,"North Star Lab Grown Diamond Bracelet","Chupi",https://uk.chupi.com/products/solid-gold-north-star-lab-grown-diamond-bracelet?variant=48820278952265&country=GB&currency=GBP,,"Source: K",649,"Home, Style & Objects > Jewellery",FEMALE,No,No,9
361,cmu5jl67e00nuksb06ddm16ig,"North Star Lab Grown Diamond Bracelet","Chupi",https://uk.chupi.com/products/solid-gold-north-star-lab-grown-diamond-bracelet?variant=48820278952265&country=GB&currency=GBP,,"Source: K",649,"Home, Style & Objects > Jewellery",FEMALE,No,No,9
362,cmu5jl6hh00nwksb00vu7w4ht,"North Star Lab Grown Diamond Stud Earrings","Chupi",https://uk.chupi.com/products/solid-gold-north-star-lab-grown-diamond-stud-earrings?variant=39859858210903&country=GB&currency=GBP,,"Source: K",689,"Home, Style & Objects > Jewellery",FEMALE,No,No,9
363,cmu5c0l4m007xksb0ofkrz6yo,"North Star Lab Grown Diamond Stud Earrings","Chupi",https://uk.chupi.com/products/solid-gold-north-star-lab-grown-diamond-stud-earrings?variant=39859858210903&country=GB&currency=GBP,,"Source: K",689,"Home, Style & Objects > Jewellery",FEMALE,No,No,9
364,cmu5c26fu00hbksb0lo1ls7rv,"Numero Sept Belt","Polene",https://uk.polene-paris.com/products/numero-sept-belt-textured-black?_pos=1&_sid=4ec9dae17&_ss=r,,"Available in 2 sizes.
Occasion: Any occasion
Source: M",190,"Home, Style & Objects > Fashion & accessories",FEMALE,No,Yes,54
365,cmu5jm9w600v6ksb0m06tkqk6,"Numero Sept Belt","Polene",https://uk.polene-paris.com/products/numero-sept-belt-textured-black?_pos=1&_sid=4ec9dae17&_ss=r,,"Available in 2 sizes.
Occasion: Any occasion
Source: M",190,"Home, Style & Objects > Fashion & accessories",FEMALE,No,Yes,54
366,cmu5jmrsc00y0ksb0uau2ki2l,"Nunobiki Ware Handcrafted Twin Sparrow Oval Platter","Masu",https://masuhome.com/products/hatsuichi-nunobiki-yaki-handcrafted-twin-sparrow-oval-platter,,"Source: K",171,"",UNISEX,No,No,9
367,cmu5jmhw100wfksb0rxh04c2z,"One hour Golf Lesson with a PGA Professional","Golf Gift Days",https://golfgiftdays.com/one-hour-golf-lesson-pga-professional/,,"Occasion: Any occasion
Source: G",65,"Sport & Fitness > Golf",UNISEX,No,No,32
368,cmu5c0e7x006pksb0usue3g9v,"Online Certified Level 1 Course: Foundations Of Integral Sound Healing with Tibetan Singing Bowls","Sound Therapy Shop",https://soundtherapyshop.co.uk/products/online-certified-level-1-course-foundations-of-integral-sound-healing-with-tibetan-singing-bowls,,"Source: K",234,"Lifestyle & Wellbeing > Spirituality",UNISEX,No,No,9
369,cmu5jl1lj00mwksb0hd3jbf5u,"Online Certified Level 1 Course: Foundations Of Integral Sound Healing with Tibetan Singing Bowls","Sound Therapy Shop",https://soundtherapyshop.co.uk/products/online-certified-level-1-course-foundations-of-integral-sound-healing-with-tibetan-singing-bowls,,"Source: K",234,"Lifestyle & Wellbeing > Spirituality",UNISEX,No,No,9
370,cmu5bzbn3000jksb00j8vweak,"OoniKoda 12 Gas Fuel Portable Outdoor Pizza Oven","John Lewis",https://www.johnlewis.com/ooni-koda-12-gas-fuel-portable-outdoor-pizza-oven/p4055599,,"Source: K",299,"Food & Drink > Cooking & Food",UNISEX,No,No,9
371,cmu5jkd1700ieksb0rt1temdw,"OoniKoda 12 Gas Fuel Portable Outdoor Pizza Oven","John Lewis",https://www.johnlewis.com/ooni-koda-12-gas-fuel-portable-outdoor-pizza-oven/p4055599,,"Source: K",299,"Food & Drink > Cooking & Food",UNISEX,No,No,9
372,cmu5c0vxs009mksb0igrkmaal,"Oris Mens Diver 65 60th Anniversary Edition","T.H. Baker",https://www.thbaker.co.uk/oris-mens-diver65-60th-anniversary-edition-watch-01-733-7772-4034-set,,"Source: K",1950,"Home, Style & Objects > Watches",MALE,No,No,9
373,cmu5jldwe00p6ksb01r8l7t04,"Oris Mens Diver 65 60th Anniversary Edition","T.H. Baker",https://www.thbaker.co.uk/oris-mens-diver65-60th-anniversary-edition-watch-01-733-7772-4034-set,,"Source: K",1950,"Home, Style & Objects > Watches",MALE,No,No,9
374,cmu5jm9mf00v4ksb0ixbf2mgh,"Orla Embellished Silk Bag","Rixo",https://rixolondon.com/products/orla-bag-vintage-scatter-embellishment-black,,"Available in 2 colours.
Occasion: Any occasion
Source: M",145,"Home, Style & Objects > Fashion & accessories",FEMALE,No,Yes,56
375,cmu5c25xg00h8ksb0s36oq59q,"Orla Embellished Silk Bag","Rixo",https://rixolondon.com/products/orla-bag-vintage-scatter-embellishment-black,,"Available in 2 colours.
Occasion: Any occasion
Source: M",145,"Home, Style & Objects > Fashion & accessories",FEMALE,No,Yes,56
376,cmu5c1eg600cqksb037hdgkx6,"Oura Ring","Oura",https://ouraring.com/,,"Source: G",399,"Lifestyle & Wellbeing > Wellness & self-care",UNISEX,No,No,9
377,cmu5jlr0y00rmksb06bbs213a,"Oura Ring","Oura",https://ouraring.com/,,"Source: G",399,"Lifestyle & Wellbeing > Wellness & self-care",UNISEX,No,No,9
378,cmu5jo8hk013jksb08wpgcnsx,"OXELO Kids' Scooter","Decathlon",https://www.decathlon.co.uk/p/kids-scooter-m900-lunar-grey-and-touch-of-red/332547/c180c274m8643956,,"Source: K",69.99,"Children",UNISEX,No,No,9
379,cmu5jnhqh011gksb0gi84o6o9,"OXELO Kids' Scooter","Decathlon",https://www.decathlon.co.uk/p/kids-scooter-m900-lunar-grey-and-touch-of-red/332547/c180c274m8643956,,"Source: K",69.99,"Children",MALE,No,No,9
380,cmu5jl7ud00o6ksb0l1r9akbq,"Paloma Picasso® Olive Leaf Earrings","Tiffany",https://www.tiffany.co.uk/jewelry/earrings/18k-yellow-gold-round-brilliant-diamonds-earrings-60021158.html,,"Source: K",1375,"Home, Style & Objects > Jewellery",FEMALE,No,No,9
381,cmu5c0n6e008aksb0me8bmupe,"Paloma Picasso® Olive Leaf Earrings","Tiffany",https://www.tiffany.co.uk/jewelry/earrings/18k-yellow-gold-round-brilliant-diamonds-earrings-60021158.html,,"Source: K",1375,"Home, Style & Objects > Jewellery",FEMALE,No,No,9
382,cmu5bzuoc003jksb0rf51u5q1,"Parisian Green and Gold Cocktail Shaker Set – 6 Piece","Vonhaus",https://www.vonhaus.com/vh_en/green-brushed-gold-cocktail-set,,"Source: K",24.99,"Food & Drink > Spirits & Cocktails",UNISEX,No,No,9
383,cmu5jkp0600kkksb0v9hdy3fu,"Parisian Green and Gold Cocktail Shaker Set – 6 Piece","Vonhaus",https://www.vonhaus.com/vh_en/green-brushed-gold-cocktail-set,,"Source: K",24.99,"Food & Drink > Spirits & Cocktails",UNISEX,No,No,9
384,cmu5c2b8200hyksb0wup9hqbw,"Parker Wide Headband","Roseings London",https://www.roseingslondon.com/products/parker?variant=45053868081399,,"Made to order. Available in 6 colours.
Occasion: Any occasion
Source: M",90,"Home, Style & Objects > Fashion & accessories",FEMALE,No,Yes,71
385,cmu5jmczw00vmksb0w29uzdw1,"Parker Wide Headband","Roseings London",https://www.roseingslondon.com/products/parker?variant=45053868081399,,"Made to order. Available in 6 colours.
Occasion: Any occasion
Source: M",90,"Home, Style & Objects > Fashion & accessories",FEMALE,No,Yes,71
386,cmu5jkc7q00i8ksb0k852c11g,"Pasta Evangelists Cookery Class with Bottomless Prosecco for Two at the Pasta Academy","buyagift",https://www.buyagift.co.uk/p/pasta-evangelists-cookery-class-with-bottomless-prosecco-for-two-at-the-pasta-academy,,"Experiences
Source: K",136.99,"Food & Drink > Cooking & Food",UNISEX,No,No,21
387,cmu5bzacw000bksb0hsw1dij2,"Pasta Evangelists Cookery Class with Bottomless Prosecco for Two at the Pasta Academy","buyagift",https://www.buyagift.co.uk/p/pasta-evangelists-cookery-class-with-bottomless-prosecco-for-two-at-the-pasta-academy,,"Experiences
Source: K",136.99,"Food & Drink > Cooking & Food",UNISEX,No,No,21
388,cmu5jmqoz00xtksb0zis9dci1,"Paul Smith Early Bird Diffuser, 250ml","Paul Smith",https://www.paulsmith.com/uk/paul-smith-early-bird-diffuser-250ml,,"Source: K",85,"Home and interiors",UNISEX,No,No,9
389,cmu5jn2j300zsksb0041lu022,"PAW Patrol My Size Lookout Tower with Chase Figure and Vehicle","Smyths Toys",https://www.smythstoys.com/uk/en-gb/toys/pre-school-and-electronic-learning/paw-patrol/paw-patrol-my-size-lookout-tower-with-chase-figure-and-vehicle/p/248526,,"Source: K",79.99,"Children",MALE,No,No,9
390,cmu5jmuiq00yhksb0fpjr3802,"Peanut Penguin","Official Jellycat Store",https://jellycat.com/peanut-penguin/,,"Source: K",25,"Children",UNISEX,No,No,9
391,cmu5jmnc100xdksb0kx557q57,"Pebble Tealight Holder - Various Colours","Prior",https://www.priorshop.uk/products/pebble-tealight-holder-various-colours,,"Source: K",18,"Home and interiors",UNISEX,No,No,9
392,cmu5jnly1011uksb05ws4vtuf,"Peppa Pig Wooden Tea Party Set","John Lewis",https://www.johnlewis.com/peppa-pig-wooden-tea-party-set/p110790533,,"Source: K",16.99,"Children",FEMALE,No,No,9
393,cmu5jlsdo00rwksb0vxoix36u,"Perfect Draft Black Machine and Beer Bundle","Perfect Draft",https://www.perfectdraft.com/en-gb/perfectdraft-black-machine-merchandise-bundle?queryID=e4098359a4e2fbafd9a8815309144128&objectID=10811&indexName=Live_beerhawk_products,,"Source: G",149,"Food & Drink > Wine, Beer & Drinks",MALE,No,No,9
394,cmu5c1gic00d3ksb09dooq288,"Perfect Draft Black Machine and Beer Bundle","Perfect Draft",https://www.perfectdraft.com/en-gb/perfectdraft-black-machine-merchandise-bundle?queryID=e4098359a4e2fbafd9a8815309144128&objectID=10811&indexName=Live_beerhawk_products,,"Source: G",149,"Food & Drink > Wine, Beer & Drinks",MALE,No,No,9
395,cmu5c14ws00b9ksb09mrm9liw,"Personalised 11 Pocket Leather Tool Belt","Menkind",https://www.menkind.co.uk/personalised-11-pocket-leather-tool-belt,,"Source: K",30,"Home, Style & Objects > DIY and tools",UNISEX,No,No,9
396,cmu5jlkfa00qiksb0nwlpfgmv,"Personalised 11 Pocket Leather Tool Belt","Menkind",https://www.menkind.co.uk/personalised-11-pocket-leather-tool-belt,,"Source: K",30,"Home, Style & Objects > DIY and tools",UNISEX,No,No,9
397,cmu5jmu8j00yfksb0mh0jopdm,"Personalised Bedtime For You Book","Wonderbly",https://www.wonderbly.com/uk/personalized-products/bedtime-for-name-book,,"Source: K",19.99,"Children",UNISEX,No,No,9
398,cmu5c11ug00apksb02mnnp76c,"Personalised Copper Trowel and Fork Set","Menkind",https://www.menkind.co.uk/personalised-copper-trowel-and-fork-set,,"Source: K",49,"Home, Style & Objects > Gardening",UNISEX,No,No,9
399,cmu5jli8z00q2ksb0pwzj1j59,"Personalised Copper Trowel and Fork Set","Menkind",https://www.menkind.co.uk/personalised-copper-trowel-and-fork-set,,"Source: K",49,"Home, Style & Objects > Gardening",UNISEX,No,No,9
400,cmu5jltgu00s4ksb09gnuarm7,"Personalised Night Sky Start Map","The Night Sky",https://www.thenightsky.com/eu/shop/night-sky-classic-star-map-print-mb,,"Source: G",45,"Tech, Games and Curiousity > Science & nature",UNISEX,No,No,9
401,cmu5c1i1p00dcksb0oy46y1vk,"Personalised Night Sky Start Map","The Night Sky",https://www.thenightsky.com/eu/shop/night-sky-classic-star-map-print-mb,,"Source: G",45,"Tech, Games and Curiousity > Science & nature",UNISEX,No,No,9
402,cmu5jnkh9011oksb0isheit1h,"Personalised Rag Doll, Brook","Babyblooms",https://www.babyblooms.co.uk/products/personalised-rag-doll-brook,,"Source: K",32,"Children",FEMALE,No,No,9
403,cmu5jkstq00lcksb02hj494mi,"Personalised Renfrew Whisky Decanter with Walnut Base","Engravers Guild",https://www.engraversguild.co.uk/personalised-glasses/decanters/personalised-renfrew-whisky-decanter-with-walnut-base,,"Source: K",175,"Food & Drink > Spirits & Cocktails > Whisky",UNISEX,No,No,9
404,cmu5c002f004iksb0ov9j308k,"Personalised Renfrew Whisky Decanter with Walnut Base","Engravers Guild",https://www.engraversguild.co.uk/personalised-glasses/decanters/personalised-renfrew-whisky-decanter-with-walnut-base,,"Source: K",175,"Food & Drink > Spirits & Cocktails > Whisky",UNISEX,No,No,9
405,cmu5jkzp700miksb0soviep9u,"Personalized Birthdate Book","Birthdate Co",https://uk.birthdate.co/products/the-birthdate-book?shpxid=dff63e37-9c4f-441f-8075-edb049808cac,,"Source: K",75,"Lifestyle & Wellbeing > Spirituality",UNISEX,No,No,9
406,cmu5c0bny0068ksb0pgbncv3s,"Personalized Birthdate Book","Birthdate Co",https://uk.birthdate.co/products/the-birthdate-book?shpxid=dff63e37-9c4f-441f-8075-edb049808cac,,"Source: K",75,"Lifestyle & Wellbeing > Spirituality",UNISEX,No,No,9
407,cmu5jmy3i00z0ksb02g03u26j,"Petit Collage Carry Along Kitten Sketch Book Set","Crafts 4 Kids",https://www.crafts4kids.co.uk/products/petit-collage-carry-along-kitten-sketch-kit?variant=55475157074293,,"Source: K",12.99,"Children",UNISEX,No,No,9
408,cmu5jm3v600u0ksb02bhgt9nm,"Petite Casaque Cashmere Coaching scarf.","Hermes",https://www.hermes.com/uk/en/product/petite-casaque-coaching-scarf-H261635Sv04/,,"Available 4 colours. Free shipping.
Occasion: Any occasion
Source: M",425,"Home, Style & Objects > Fashion & accessories",UNISEX,No,Yes,68
409,cmu5c1x6e00frksb0mgh5kbax,"Petite Casaque Cashmere Coaching scarf.","Hermes",https://www.hermes.com/uk/en/product/petite-casaque-coaching-scarf-H261635Sv04/,,"Available 4 colours. Free shipping.
Occasion: Any occasion
Source: M",425,"Home, Style & Objects > Fashion & accessories",UNISEX,No,Yes,68
410,cmu5jm9co00v2ksb0mp81786y,"Pink Jelly Firkin","The Jelly Club",https://pinkjellyclub.com/products/pinkjellyfirkin?_pos=2&_sid=3dc4d069f&_ss=r,,"Available in 5 colours.
Occasion: Any occasion
Source: M",64.5,"Home, Style & Objects > Fashion & accessories",FEMALE,No,Yes,56
411,cmu5c255w00h5ksb0deri69d5,"Pink Jelly Firkin","The Jelly Club",https://pinkjellyclub.com/products/pinkjellyfirkin?_pos=2&_sid=3dc4d069f&_ss=r,,"Available in 5 colours.
Occasion: Any occasion
Source: M",64.5,"Home, Style & Objects > Fashion & accessories",FEMALE,No,Yes,56
412,cmu5jnrbz012kksb07b3fnb0t,"Pink PAW Patrol Skye Backpack","Next",https://www.next.co.uk/style/sv151347/y90559?srsltid=AfmBOorPeVKb8oNfyo1zfM0zCuXjFki-JV_I0PrZL-YtJiCU5mJOjCkoMCE,,"Source: K",21,"Children",FEMALE,No,No,9
413,cmu5bzavb000eksb0xpeuyozu,"Plant Based Masterclass in a Michelin Starred Restaurant","Class Bento",https://classbento.co.uk/plant-based-masterclass-in-a-michelin-starred-restaurant-london?utm_source=gttd,,"Experiences
Source: K",165,"Food & Drink > Cooking & Food",UNISEX,No,No,21
414,cmu5jkchi00iaksb0wtxle1pv,"Plant Based Masterclass in a Michelin Starred Restaurant","Class Bento",https://classbento.co.uk/plant-based-masterclass-in-a-michelin-starred-restaurant-london?utm_source=gttd,,"Experiences
Source: K",165,"Food & Drink > Cooking & Food",UNISEX,No,No,21
415,cmu5jmoys00xnksb01gq6nvm7,"Plant Pot 'Cupcake' - Jesmonite and Coffee Grounds","Prior",https://www.priorshop.uk/products/plant-pot-cupcake-jesmonite-and-coffee-grounds?variant=44462197407976,,"Source: K",50,"Home and interiors",UNISEX,No,No,9
416,cmu5c1r9x00eqksb0bsqt1roo,"Pocket AI Assistant","Hey Pocket",https://heypocket.com/pages/pocket-ai-assistant-v2b1,,"Source: G",100,"Tech, Games and Curiousity > Tech & gadgets",UNISEX,No,No,9
417,cmu5jlzs800t6ksb02if8m7xt,"Pocket AI Assistant","Hey Pocket",https://heypocket.com/pages/pocket-ai-assistant-v2b1,,"Source: G",100,"Tech, Games and Curiousity > Tech & gadgets",UNISEX,No,No,9
418,cmu5c18t800brksb0gbsjee7c,"Pod Vase Bubble","The Conran Shop",https://theconranshop.com/products/pod-bubble-vase-21cm_ozlUh6jyNFAMcpH0,,"Source: K",39,"Home, Style & Objects > Home and interiors",UNISEX,No,No,9
419,cmu5jlnip00qwksb0jghww6ex,"Pod Vase Bubble","The Conran Shop",https://theconranshop.com/products/pod-bubble-vase-21cm_ozlUh6jyNFAMcpH0,,"Source: K",39,"Home, Style & Objects > Home and interiors",UNISEX,No,No,9
420,cmu5jnlnm011sksb0tyvfw2cq,"Pokemon Pikachu 8"" Plush Soft Toy","John Lewis",https://www.johnlewis.com/pokemon-pikachu-8-inch-plush-soft-toy/p112032516,,"Source: K",13.99,"Children",UNISEX,No,No,9
421,cmu5jlobv00r2ksb0ozf73cus,"Porcelain Colonna Diva Celeste Round Tray","Harrods",https://www.harrods.com/en-gb/p/ginori-1735-porcelain-colonna-diva-celeste-round-tray-17cm-000000000007644289,,"Source: K",240,"Home, Style & Objects > Home and interiors",UNISEX,No,No,9
422,cmu5c1a3b00bzksb0w3cfejz9,"Porcelain Colonna Diva Celeste Round Tray","Harrods",https://www.harrods.com/en-gb/p/ginori-1735-porcelain-colonna-diva-celeste-round-tray-17cm-000000000007644289,,"Source: K",240,"Home, Style & Objects > Home and interiors",UNISEX,No,No,9
423,cmu5jlvdj00siksb0bmle12dy,"Portable LED Light for Social Media Filming","Amazon",https://www.amazon.co.uk/Newmowa-3200-5600K-Brightness-Ultra-thin-Rechargeable/dp/B08BLCJ43C/ref=asc_df_B08BLCJ43C?tag=bingshoppinga-21&linkCode=df0&hvadid=80195836149858&hvnetw=o&hvqmt=e&hvbmt=be&hvdev=c&hvlocint=&hvlocphy=41471&hvtargid=pla-4583795299795233&psc=1&msclkid=062eb024d4c813779c95da0a4576e729,,"Source: G",33,"Tech, Games and Curiousity > Tech & gadgets",UNISEX,No,No,9
424,cmu5c1ko800dsksb0xs4rxcij,"Portable LED Light for Social Media Filming","Amazon",https://www.amazon.co.uk/Newmowa-3200-5600K-Brightness-Ultra-thin-Rechargeable/dp/B08BLCJ43C/ref=asc_df_B08BLCJ43C?tag=bingshoppinga-21&linkCode=df0&hvadid=80195836149858&hvnetw=o&hvqmt=e&hvbmt=be&hvdev=c&hvlocint=&hvlocphy=41471&hvtargid=pla-4583795299795233&psc=1&msclkid=062eb024d4c813779c95da0a4576e729,,"Source: G",33,"Tech, Games and Curiousity > Tech & gadgets",UNISEX,No,No,9
425,cmu5jlpoe00rcksb0tgoz2kzf,"Powerbeats Fit - Earbuds","Beats by Dre",https://www.beatsbydre.com/uk/earbuds/powerbeats-fit/ME2K4/pbfit-gravel-gray,,"Source: G",200,"Tech, Games and Curiousity > Tech & gadgets",UNISEX,No,No,9
426,cmu5c1ce300cdksb0an5zh51x,"Powerbeats Fit - Earbuds","Beats by Dre",https://www.beatsbydre.com/uk/earbuds/powerbeats-fit/ME2K4/pbfit-gravel-gray,,"Source: G",200,"Tech, Games and Curiousity > Tech & gadgets",UNISEX,No,No,9
427,cmu5jo6sy0139ksb08ueu9s1h,"Power Pony Electric Ride On Princess","Smyths Toys",https://www.smythstoys.com/uk/en-gb/outdoor/electric-ride-ons/electric-wheeled/power-pony-electric-ride-on-princess/p/253963,,"Source: K",399.99,"Children",FEMALE,No,No,9
428,cmu5c1wx500fpksb05vb19dl5,"Prada PR 19ZS M in Tortoise with Brown Graduated lenses size 55 - 17.","Sunglasses Hut",https://www.sunglasshut.com/uk/prada/pr-19zs-8056597744249,,"Available in 8 colours.Paylemt plan options.
Occasion: Any occasion
Source: M",396,"Home, Style & Objects > Fashion & accessories",FEMALE,No,Yes,77
429,cmu5jm3lf00tyksb0ip86kp6h,"Prada PR 19ZS M in Tortoise with Brown Graduated lenses size 55 - 17.","Sunglasses Hut",https://www.sunglasshut.com/uk/prada/pr-19zs-8056597744249,,"Available in 8 colours.Paylemt plan options.
Occasion: Any occasion
Source: M",396,"Home, Style & Objects > Fashion & accessories",FEMALE,No,Yes,77
430,cmu5jkigr00jiksb0ary4tlwm,"Premium Drinks Cool Box","The Newt in Somerset",https://shop.thenewtinsomerset.com/uk/p/4448/drinks-box-white,,"Source: K",179,"Food & Drink > Wine, beer & drinks",UNISEX,No,No,9
431,cmu5bzkvc0022ksb04nbpy62m,"Premium Drinks Cool Box","The Newt in Somerset",https://shop.thenewtinsomerset.com/uk/p/4448/drinks-box-white,,"Source: K",179,"Food & Drink > Wine, beer & drinks",UNISEX,No,No,9
432,cmu5c00ku004lksb07c3qpgq5,"Private bespoke whisky tours","Scotland's Wild",https://www.scotlandswild.com/private-scotland-whisky-tours,,"Source: K",800,"Food & Drink > Spirits & Cocktails > Whisky",UNISEX,No,No,9
433,cmu5jkt3h00leksb039hl9d44,"Private bespoke whisky tours","Scotland's Wild",https://www.scotlandswild.com/private-scotland-whisky-tours,,"Source: K",800,"Food & Drink > Spirits & Cocktails > Whisky",UNISEX,No,No,9
434,cmu5jn01j00zdksb09f1vom82,"Pup Squad Racers Gift Set","John Lewis",https://www.johnlewis.com/paw-patrol-pup-squad-racers-gift-set/p113293282,,"Source: K",24.99,"Children",MALE,No,No,9
435,cmu5c21sj00glksb0zytlupk2,"Puzzle Bifold Wallet in Blue Grey/Navy","Loewe",https://www.loewe.com/eur/en/men/wallets-and-small-leather-goods/wallets/puzzle-bifold-wallet-in-classic-calfskin/C510302X17-0623.html,,"Available in 2 colours.
Occasion: Any occasion
Source: M",425,"Home, Style & Objects > Fashion & accessories",MALE,No,Yes,56
436,cmu5jm74s00uoksb0czer30j0,"Puzzle Bifold Wallet in Blue Grey/Navy","Loewe",https://www.loewe.com/eur/en/men/wallets-and-small-leather-goods/wallets/puzzle-bifold-wallet-in-classic-calfskin/C510302X17-0623.html,,"Available in 2 colours.
Occasion: Any occasion
Source: M",425,"Home, Style & Objects > Fashion & accessories",MALE,No,Yes,56
437,cmu5jo7mu013eksb0vwovwpcs,"Quad Roller Skates","Oli's Skate Shop",https://olisskateshop.co.uk/rookie-rosa-quad-roller-skates,,"Source: K",39.95,"Children",FEMALE,No,No,9
438,cmu5jlrkg00rqksb0ltwr3t68,"Ray-Ban Meta Wayfarer Glasses","Currys",https://www.currys.co.uk/smart-tech/ai-glasses/ai-glasses,,"Source: G",459,"Tech, Games and Curiousity > Tech & gadgets",UNISEX,No,No,9
439,cmu5c1fhj00cwksb03dwy7y22,"Ray-Ban Meta Wayfarer Glasses","Currys",https://www.currys.co.uk/smart-tech/ai-glasses/ai-glasses,,"Source: G",459,"Tech, Games and Curiousity > Tech & gadgets",UNISEX,No,No,9
440,cmu5c1wnx00fnksb056v4q1k0,"Ray-Ban Zuri Sunglasses in Havana with Grey lenses size 52-19.","Sunglasses Hut",https://www.sunglasshut.com/uk/ray-ban/rb4455-8056262454039,,"Best seller. Also available in black. Payment plan option.
Occasion: Any occasion
Source: M",130,"Home, Style & Objects > Fashion & accessories",UNISEX,No,Yes,91
441,cmu5jm3bq00twksb0wwbqzibx,"Ray-Ban Zuri Sunglasses in Havana with Grey lenses size 52-19.","Sunglasses Hut",https://www.sunglasshut.com/uk/ray-ban/rb4455-8056262454039,,"Best seller. Also available in black. Payment plan option.
Occasion: Any occasion
Source: M",130,"Home, Style & Objects > Fashion & accessories",UNISEX,No,Yes,91
442,cmu5jmjsc00wqksb00ef9zis1,"Red Jade Beaded Necklace","Pascale",https://pascalestore.co.uk/products/beaded-necklace-faro-red-jade,,"Source: K",270,"Jewellery",FEMALE,No,No,9
443,cmu5c1jdz00djksb06dz3km3g,"Red Light Face Mask","Healf",https://healf.com/products/bon-charge-red-light-face-mask?variant=46435456352495,,"Source: G",275,"Lifestyle & Wellbeing > Beauty & skincare",FEMALE,No,No,9
444,cmu5jluab00saksb0tuayevdd,"Red Light Face Mask","Healf",https://healf.com/products/bon-charge-red-light-face-mask?variant=46435456352495,,"Source: G",275,"Lifestyle & Wellbeing > Beauty & skincare",FEMALE,No,No,9
445,cmu5jktn000liksb0x66rbamw,"ReSpiin Recycled Wool Throw - 130cm x 170cm - Mulberry","Green Tulip",https://www.greentulip.co.uk/products/recycled-wool-throw-130cm-x-170cm-mulberry,,"Source: K",49,"Lifestyle & Wellbeing > Sustainability & eco living",UNISEX,No,No,9
446,cmu5c01lj004rksb085tgjp0s,"ReSpiin Recycled Wool Throw - 130cm x 170cm - Mulberry","Green Tulip",https://www.greentulip.co.uk/products/recycled-wool-throw-130cm-x-170cm-mulberry,,"Source: K",49,"Lifestyle & Wellbeing > Sustainability & eco living",UNISEX,No,No,9
447,cmu5jl6r800nyksb0i4aoh2mv,"Return to Tiffany™ Hoop Earrings in Sterling Silver with Diamonds","Tiffany",https://www.tiffany.co.uk/jewelry/earrings/return-to-tiffany-sterling-silver-diamond-earrings-69836402.html,,"Source: K",735,"Home, Style & Objects > Jewellery",FEMALE,No,No,9
448,cmu5c0ln30080ksb0eio49d9f,"Return to Tiffany™ Hoop Earrings in Sterling Silver with Diamonds","Tiffany",https://www.tiffany.co.uk/jewelry/earrings/return-to-tiffany-sterling-silver-diamond-earrings-69836402.html,,"Source: K",735,"Home, Style & Objects > Jewellery",FEMALE,No,No,9
449,cmu5c123l00arksb0dk07uf1a,"RHS Encyclopedia of Gardening","RHS Plants",https://www.rhsplants.co.uk/product/_/rhs-encyclopedia-of-gardening/classid.2000050873/,,"Source: K",50,"Home, Style & Objects > Gardening",UNISEX,No,No,9
450,cmu5jliip00q4ksb05nudsb54,"RHS Encyclopedia of Gardening","RHS Plants",https://www.rhsplants.co.uk/product/_/rhs-encyclopedia-of-gardening/classid.2000050873/,,"Source: K",50,"Home, Style & Objects > Gardening",UNISEX,No,No,9
451,cmu5bzv6s003nksb0mw4kwgg1,"Riedel Bar Neat Glass x2","hedonism.co.uk",https://www.hedonism.co.uk/product/riedel-bar-neat-glass-two-pack?srsltid=AfmBOoo6bF4X122X_7aUl2-LXSEWpo492nMtzIXOPEmW31QXiDF_w9DmDlY,,"Source: K",32.5,"Food & Drink > Spirits & Cocktails",UNISEX,No,No,9
452,cmu5jkpjw00koksb0368dsj65,"Riedel Bar Neat Glass x2","hedonism.co.uk",https://www.hedonism.co.uk/product/riedel-bar-neat-glass-two-pack?srsltid=AfmBOoo6bF4X122X_7aUl2-LXSEWpo492nMtzIXOPEmW31QXiDF_w9DmDlY,,"Source: K",32.5,"Food & Drink > Spirits & Cocktails",UNISEX,No,No,9
453,cmu5jkptp00kqksb0k30xtgbd,"Riedel Gin Glasses x 4","art of living",https://aolcookshop.co.uk/products/riedel-gin-glasses-set-of-4,,"Source: K",35.95,"Food & Drink > Spirits & Cocktails > Gin",UNISEX,No,No,9
454,cmu5bzvp7003qksb0pjikrjz2,"Riedel Gin Glasses x 4","art of living",https://aolcookshop.co.uk/products/riedel-gin-glasses-set-of-4,,"Source: K",35.95,"Food & Drink > Spirits & Cocktails > Gin",UNISEX,No,No,9
455,cmu5c134d00axksb0mhnbqufb,"RSPB Silhouette hedgehog home","RSPB",https://shopping.rspb.org.uk/wildlife-friendly-garden/gardening/rspb-silhouette-hedgehog-home.html,,"Source: K",60,"Home, Style & Objects > Gardening",UNISEX,No,No,9
456,cmu5jlj2d00q8ksb0afgxschr,"RSPB Silhouette hedgehog home","RSPB",https://shopping.rspb.org.uk/wildlife-friendly-garden/gardening/rspb-silhouette-hedgehog-home.html,,"Source: K",60,"Home, Style & Objects > Gardening",UNISEX,No,No,9
457,cmu5jkqwo00kyksb0b7nrvlfs,"Rum Blending Experience","London Distillery School",https://londondistilleryschool.com/class/rum-blending-class,,"Experience
Source: K",95,"Food & Drink > Spirits & Cocktails > Rum",UNISEX,No,No,20
458,cmu5bzx8v0040ksb0wtt778tl,"Rum Blending Experience","London Distillery School",https://londondistilleryschool.com/class/rum-blending-class,,"Experience
Source: K",95,"Food & Drink > Spirits & Cocktails > Rum",UNISEX,No,No,20
459,cmu5bzsw5003aksb023jpp3ef,"SageBarista Express Bean to Cup Coffee Machine, Brushed Stainless Steel","John Lewis",https://www.johnlewis.com/sage-barista-express-bean-to-cup-coffee-machine/brushed-stainless-steel/p3501284,,"Source: K",499.95,"Food & Drink > Coffee & Tea",UNISEX,No,No,9
460,cmu5jko6t00keksb0v40ctf42,"SageBarista Express Bean to Cup Coffee Machine, Brushed Stainless Steel","John Lewis",https://www.johnlewis.com/sage-barista-express-bean-to-cup-coffee-machine/brushed-stainless-steel/p3501284,,"Source: K",499.95,"Food & Drink > Coffee & Tea",UNISEX,No,No,9
461,cmu5jmqf500xrksb0el1myogz,"Sailor Blue Herringbone Wool Blanket","Coastal-Inspired Blankets & Throws",https://www.atlanticblankets.com/collections/blankets/products/navy-herringbone-blanket,,"Source: K",75,"Home and interiors",UNISEX,No,No,9
462,cmu5c1uct00f9ksb02uvff1pg,"SANDRO - Interlaced Stud-Embellished Leather Belt in Black","Selfridges",https://www.selfridges.com/GB/en/product/sandro-interlaced-stud-embellished-leather-belt_R04671699/#colour=BLACK,,"Available in 3 sizes.
Occasion: Any occasion
Source: M",189,"Home, Style & Objects > Fashion & accessories",FEMALE,No,Yes,54
463,cmu5jm1ym00tmksb0y3gfroty,"SANDRO - Interlaced Stud-Embellished Leather Belt in Black","Selfridges",https://www.selfridges.com/GB/en/product/sandro-interlaced-stud-embellished-leather-belt_R04671699/#colour=BLACK,,"Available in 3 sizes.
Occasion: Any occasion
Source: M",189,"Home, Style & Objects > Fashion & accessories",FEMALE,No,Yes,54
464,cmu5jnaa5010wksb0tti73f80,"School of Icing Class","Biscuiteers",https://www.biscuiteers.com/products/school-of-icing-classes,,"Source: K",95,"Children",FEMALE,No,No,9
465,cmu5c0p84008oksb07ge27wkw,"Seiko Men's 5 Sports","John Lewis",https://www.johnlewis.com/seiko-srpd53k1-mens-5-sports-automatic-day-date-bracelet-strap-watch-silver-blue/p111354405,,"Source: K",280,"Home, Style & Objects > Watches",MALE,No,No,9
466,cmu5jl9qo00oiksb0mkr44r1u,"Seiko Men's 5 Sports","John Lewis",https://www.johnlewis.com/seiko-srpd53k1-mens-5-sports-automatic-day-date-bracelet-strap-watch-silver-blue/p111354405,,"Source: K",280,"Home, Style & Objects > Watches",MALE,No,No,9
467,cmu5jlfjb00piksb02kqc6x4m,"Seiko Presage Cocktail Time 'Skydiving' Diamond Twist","Watches of Switzerland",https://www.watches-of-switzerland.co.uk/Seiko-Presage-Presage-Cocktail-Time--quote.Skydiving-quote.-Diamond-Twist-Ladies-Watch-SRE007J1/p/18440067,,"Source: K",460,"Home, Style & Objects > Watches",FEMALE,No,No,9
468,cmu5c0y8h00a1ksb0u7ofb5uu,"Seiko Presage Cocktail Time 'Skydiving' Diamond Twist","Watches of Switzerland",https://www.watches-of-switzerland.co.uk/Seiko-Presage-Presage-Cocktail-Time--quote.Skydiving-quote.-Diamond-Twist-Ladies-Watch-SRE007J1/p/18440067,,"Source: K",460,"Home, Style & Objects > Watches",FEMALE,No,No,9
469,cmu5jlaa300omksb07i95zgn1,"Seiko Prospex Speedtimer","H Samuel",https://www.hsamuel.co.uk/seiko-prospex-speedtimer-%E2%80%98go-large%E2%80%99-solar-silver-dial-chronograph-watch/p/V-8395899,,"Source: K",660,"Home, Style & Objects > Watches",MALE,No,No,9
470,cmu5c0q8u008uksb0j6tlg82l,"Seiko Prospex Speedtimer","H Samuel",https://www.hsamuel.co.uk/seiko-prospex-speedtimer-%E2%80%98go-large%E2%80%99-solar-silver-dial-chronograph-watch/p/V-8395899,,"Source: K",660,"Home, Style & Objects > Watches",MALE,No,No,9
471,cmu5jm5i500ucksb0gnehe3rq,"Shoreditch Crossbody velvet bag","Kurt Geiger",https://www.kurtgeiger.com/women/bags/mini/shoreditch-sm-cross-body-black-white-fabric-kurt-geiger-london-9540501609,,"Free standard delivery over £150.
Occasion: Any occasion
Source: M",279,"Home, Style & Objects > Fashion & accessories",FEMALE,No,Yes,66
472,cmu5c1zhb00g6ksb06h2puk0d,"Shoreditch Crossbody velvet bag","Kurt Geiger",https://www.kurtgeiger.com/women/bags/mini/shoreditch-sm-cross-body-black-white-fabric-kurt-geiger-london-9540501609,,"Free standard delivery over £150.
Occasion: Any occasion
Source: M",279,"Home, Style & Objects > Fashion & accessories",FEMALE,No,Yes,66
473,cmu5jmgj100w6ksb0owy96f3e,"Signed Football Memorabilia","The Collectors Corner",https://thecollectorscorner.co.uk/collections/under-100,,"Prices vary; other sports avialable
Occasion: Any occasion
Source: G",100,"Sport & Fitness > Football",UNISEX,No,Yes,68
474,cmu5jmg9700w4ksb08i8walpx,"Signed Football Shirts","The Collectors Corner",https://thecollectorscorner.co.uk/,,"Prices vary
Occasion: Any occasion
Source: G",400,"Sport & Fitness > Football",UNISEX,No,No,44
475,cmu5c1ypm00g1ksb09oggpa60,"Silk Geometric-Print Square Scarf in Navy and Beige","Reiss",https://www.reiss.com/style/sv224955/e55001,,"Free in store collection.
Occasion: Any occasion
Source: M",88,"Home, Style & Objects > Fashion & accessories",FEMALE,No,Yes,58
476,cmu5jm4yn00u8ksb0bdc0fojd,"Silk Geometric-Print Square Scarf in Navy and Beige","Reiss",https://www.reiss.com/style/sv224955/e55001,,"Free in store collection.
Occasion: Any occasion
Source: M",88,"Home, Style & Objects > Fashion & accessories",FEMALE,No,Yes,58
477,cmu5c1grk00d5ksb0lmc0st0k,"Silk Scarf","Liberty",https://www.libertylondon.com/uk/stolen-heart-silk-scarf-45-R696303006.html#pos=5,,"Source: G",95,"Home, Style & Objects > Fashion & accessories",FEMALE,No,No,9
478,cmu5jlsni00ryksb0owpzk47z,"Silk Scarf","Liberty",https://www.libertylondon.com/uk/stolen-heart-silk-scarf-45-R696303006.html#pos=5,,"Source: G",95,"Home, Style & Objects > Fashion & accessories",FEMALE,No,No,9
479,cmu5jlbzn00osksb08p5vrjtp,"Sinn 556 I Automatic","James Moore Jewellers",https://www.jamesmoorejewellers.co.uk/products/sinn-556-i-automatic-385mm-glossy-black-dial-alligator-embossed-black-leather-strap-556010-bl44201851001225403a-p-42155,,"Source: K",1185,"Home, Style & Objects > Watches",MALE,No,No,9
480,cmu5c0sm60093ksb0eddf8fjy,"Sinn 556 I Automatic","James Moore Jewellers",https://www.jamesmoorejewellers.co.uk/products/sinn-556-i-automatic-385mm-glossy-black-dial-alligator-embossed-black-leather-strap-556010-bl44201851001225403a-p-42155,,"Source: K",1185,"Home, Style & Objects > Watches",MALE,No,No,9
481,cmu5jki7000jgksb0u1zwa4si,"Six-Month Six-Pack Craft Beer Club Subscription from Best of British Beer","buyagift",https://www.buyagift.co.uk/p/six-month-six-pack-craft-beer-club-subscription-from-best-of-british-beer/115111799,,"Source: K",149.99,"Food & Drink > Wine, beer & drinks",UNISEX,No,No,9
482,cmu5bzkcy001zksb0i88gi5qk,"Six-Month Six-Pack Craft Beer Club Subscription from Best of British Beer","buyagift",https://www.buyagift.co.uk/p/six-month-six-pack-craft-beer-club-subscription-from-best-of-british-beer/115111799,,"Source: K",149.99,"Food & Drink > Wine, beer & drinks",UNISEX,No,No,9
483,cmu5bzq8t002yksb0okbnp03o,"Six Months of Grind Coffee - Whole Bean or Ground Coffee","buyagift",https://www.buyagift.co.uk/p/six-months-of-grind-coffee---whole-bean-or-ground-coffee/115114225,,"Source: K",108,"Food & Drink > Coffee & Tea",UNISEX,No,No,9
484,cmu5jklrc00k4ksb0n4wsixtd,"Six Months of Grind Coffee - Whole Bean or Ground Coffee","buyagift",https://www.buyagift.co.uk/p/six-months-of-grind-coffee---whole-bean-or-ground-coffee/115114225,,"Source: K",108,"Food & Drink > Coffee & Tea",UNISEX,No,No,9
485,cmu5jo87d013hksb0tzl02y4z,"Skate Lesson","Bay Sixty56",https://www.baysixty6.com/product/one-to-one-skateboard-lesson/,,"Source: K",49,"Children",UNISEX,No,No,9
486,cmu5c1o9d00eeksb05s73a5qn,"Sleeping Mask","Drowsy Sleep Co",https://www.drowsysleepco.com/products/silk-sleeping-mask-grey-moonlight-shadow,,"Source: G",69,"Lifestyle & Wellbeing > Wellness & self-care",FEMALE,No,No,9
487,cmu5jlxsz00syksb0eoiiwymh,"Sleeping Mask","Drowsy Sleep Co",https://www.drowsysleepco.com/products/silk-sleeping-mask-grey-moonlight-shadow,,"Source: G",69,"Lifestyle & Wellbeing > Wellness & self-care",FEMALE,No,No,9
488,cmu5bzoyh002qksb0nvubxtzd,"Small coffee mug in ceramic","YSL",https://www.ysl.com/en-gb/pr/small-coffee-mug-in-ceramic-812876796.html,,"Source: K",70,"Food & Drink > Coffee & Tea",UNISEX,No,No,9
489,cmu5jkkxr00jyksb05qedb7su,"Small coffee mug in ceramic","YSL",https://www.ysl.com/en-gb/pr/small-coffee-mug-in-ceramic-812876796.html,,"Source: K",70,"Food & Drink > Coffee & Tea",UNISEX,No,No,9
490,cmu5c1z7z00g4ksb0ar4vgnrk,"Small drench macrame crystal bag","Kurt Geiger",https://www.kurtgeiger.com/women/bags/mini/sm-macrame-crystal-bag-dr-black-others-kurt-geiger-london-4355900999,,"Free standard delivery over £150.
Occasion: Any occasion
Source: M",199,"Home, Style & Objects > Fashion & accessories",FEMALE,No,Yes,66
491,cmu5jm58g00uaksb069sxxq4m,"Small drench macrame crystal bag","Kurt Geiger",https://www.kurtgeiger.com/women/bags/mini/sm-macrame-crystal-bag-dr-black-others-kurt-geiger-london-4355900999,,"Free standard delivery over £150.
Occasion: Any occasion
Source: M",199,"Home, Style & Objects > Fashion & accessories",FEMALE,No,Yes,66
492,cmu5jm0vn00teksb0ljwixxnn,"Soft Shopper bag","Celine",https://www.celine.com/en-gb/women/handbags/triomphe-canvas/soft-shopper-bag-in-triomphe-canvas-and-calfskin-123912GXC.04LU.html,,"Available from 2026-08-25. Saturday delivery in UK
Occasion: Any occasion
Source: M",1350,"Home, Style & Objects > Fashion & accessories",UNISEX,No,Yes,83
493,cmu5c1stf00f0ksb0bpl24doj,"Soft Shopper bag","Celine",https://www.celine.com/en-gb/women/handbags/triomphe-canvas/soft-shopper-bag-in-triomphe-canvas-and-calfskin-123912GXC.04LU.html,,"Available from 2026-08-25. Saturday delivery in UK
Occasion: Any occasion
Source: M",1350,"Home, Style & Objects > Fashion & accessories",UNISEX,No,Yes,83
494,cmu5jkq3h00ksksb00tkfru74,"Spiegelau Specialist Gin and Tonic Glass x 4","art of living",https://aolcookshop.co.uk/collections/glasses/products/spiegelau-specialist-gin-and-tonic-glass-set-of-4,,"Source: K",40,"Food & Drink > Spirits & Cocktails > Gin",UNISEX,No,No,9
495,cmu5bzvyf003sksb08lmlrr3d,"Spiegelau Specialist Gin and Tonic Glass x 4","art of living",https://aolcookshop.co.uk/collections/glasses/products/spiegelau-specialist-gin-and-tonic-glass-set-of-4,,"Source: K",40,"Food & Drink > Spirits & Cocktails > Gin",UNISEX,No,No,9
496,cmu5jnizl011jksb0p1yrzqwz,"Spiekball Pro Set","Lightning Sports",https://www.lightning-sports.co.uk/products/spikeball-pro-set,,"Source: K",79.95,"Children",MALE,No,No,9
497,cmu5jmemc00vuksb084yvpaxy,"Spiked Golf Shoes","Affordable Golf",https://www.affordablegolf.co.uk/products/footjoy-tour-rival-mens-spiked-shoes-white-navy-blue-ss26,,"Occasion: Any occasion
Source: G",89.95,"Sport & Fitness > Golf",MALE,No,No,32
498,cmu5jmsvi00y7ksb0xkxx91p7,"Spot's First Little Library","My 1st Years",https://www.my1styears.com/products/spot-s-first-little-library,,"Source: K",6,"Children",UNISEX,No,No,9
499,cmu5jmuso00yjksb0tgev48gn,"Steiff Soft Cuddly Friends My First Hoppie Rabbit","John Lewis",https://www.johnlewis.com/steiff-soft-cuddly-friends-my-first-hoppie-rabbit/p5599778,,"Source: K",29.9,"Children",UNISEX,No,No,9
500,cmu5jmkc200wuksb08cmncf71,"Stella Chain Necklace","Wolf & Badger",https://www.wolfandbadger.com/uk/stella-chain-necklace/,,"Source: K",44,"Jewellery",FEMALE,No,No,9
501,cmu5jmlfb00x0ksb04ta55ht0,"Sterling Silver Hammered Organic Shape Torque Bangle","lisaangel.co.uk",https://www.lisaangel.co.uk/hammered-organic-shape-sterling-silver-torque-bangle,,"Source: K",70,"Jewellery",FEMALE,No,No,9
502,cmu5jnnhm0122ksb0gki4edfh,"Strawberry Basket Bag","Meri  Meri",https://merimeri.co.uk/products/strawberry-basket-bag,,"Source: K",36,"Children",FEMALE,No,No,9
503,cmu5c1vdy00ffksb0mrslpdb2,"Straw Drawstring Bucket Bag","Marks & Spencer",https://www.marksandspencer.com/straw-drawstring-bucket-bag/p/clp60777402#intid=pid_pg1pip5g4r1c1%7Cprodflag_srp_ts_QP_16,,"On sale, original price £50. In demand.
Occasion: Any occasion
Source: M",38,"Home, Style & Objects > Fashion & accessories",FEMALE,No,Yes,72
504,cmu5jm2i200tqksb0migmpp3x,"Straw Drawstring Bucket Bag","Marks & Spencer",https://www.marksandspencer.com/straw-drawstring-bucket-bag/p/clp60777402#intid=pid_pg1pip5g4r1c1%7Cprodflag_srp_ts_QP_16,,"On sale, original price £50. In demand.
Occasion: Any occasion
Source: M",38,"Home, Style & Objects > Fashion & accessories",FEMALE,No,Yes,72
505,cmu5jmms800xaksb02sffs4wp,"Sun Wide Bracelet Gold","Wolf & Badger",https://www.wolfandbadger.com/uk/sun-wide-bracelet-gold-1/,,"Source: K",225,"Jewellery",FEMALE,No,No,9
506,cmu5jn0bg00zfksb0ckeeh8l7,"Super Mario Deluxe Bowser's Airship Playset","Smyths Toys",https://www.smythstoys.com/uk/en-gb/toys/action-figures-and-playsets/mario-figures-and-playsets/super-mario-deluxe-bowsers-airship-playset/p/199193,,"Source: K",29.99,"Children",MALE,No,No,9
507,cmu5jkv9s00luksb0v0litakf,"Suri Electric Toothbrush (plant-based)","Suri",https://www.trysuri.com/products/suri-2-sonic-toothbrush-uv-c-led-case,,"Source: K",105,"Lifestyle & Wellbeing > Sustainability & eco living",UNISEX,No,No,9
508,cmu5c04nu0059ksb0k4ljosi1,"Suri Electric Toothbrush (plant-based)","Suri",https://www.trysuri.com/products/suri-2-sonic-toothbrush-uv-c-led-case,,"Source: K",105,"Lifestyle & Wellbeing > Sustainability & eco living",UNISEX,No,No,9
509,cmu5c034n0050ksb0o9glib73,"Sustainable Non-Slip Jute Yoga Mat CompleteGrip™","Complete Unity Yoga",https://completeunityyoga.com/collections/eco-friendly-yoga-mats/products/natural-completegrip-eco-yoga-mat?variant=32851425263721&awc=29057_1696939479_d3fd70cb7ac88bd98ce5fada1fcfb2bd&aw_affid=1057285&awc=29057_1784903016_d6670fbaa869bc5fb8e963547020bd4c,,"Source: K",66.99,"Lifestyle & Wellbeing > Sustainability & eco living",UNISEX,No,No,9
510,cmu5jkugf00loksb0kx1muiqx,"Sustainable Non-Slip Jute Yoga Mat CompleteGrip™","Complete Unity Yoga",https://completeunityyoga.com/collections/eco-friendly-yoga-mats/products/natural-completegrip-eco-yoga-mat?variant=32851425263721&awc=29057_1696939479_d3fd70cb7ac88bd98ce5fada1fcfb2bd&aw_affid=1057285&awc=29057_1784903016_d6670fbaa869bc5fb8e963547020bd4c,,"Source: K",66.99,"Lifestyle & Wellbeing > Sustainability & eco living",UNISEX,No,No,9
511,cmu5jkf7i00iuksb0tbrg1con,"Swan Red Wine Decanter","Borough Kitchen",https://www.boroughkitchen.com/products/swan-red-wine-decanter-ro?variant=41216378339460,,"Source: K",79,"Food & Drink > Wine, beer & drinks",UNISEX,No,No,9
512,cmu5bzezh0014ksb0psmebggb,"Swan Red Wine Decanter","Borough Kitchen",https://www.boroughkitchen.com/products/swan-red-wine-decanter-ro?variant=41216378339460,,"Source: K",79,"Food & Drink > Wine, beer & drinks",UNISEX,No,No,9
513,cmu5jktd900lgksb0j9sm41bu,"Sweet Sleep Gift Box","Out of the Box Gifts",https://www.outoftheboxgifts.co.uk/products/sweet-sleep-gift-box,,"Source: K",43,"Lifestyle & Wellbeing > Sustainability & eco living",FEMALE,No,No,9
514,cmu5c0137004oksb0deezkxt7,"Sweet Sleep Gift Box","Out of the Box Gifts",https://www.outoftheboxgifts.co.uk/products/sweet-sleep-gift-box,,"Source: K",43,"Lifestyle & Wellbeing > Sustainability & eco living",FEMALE,No,No,9
515,cmu5jmr8n00xxksb0v04aatz5,"TBCO - Recycled Wool Blanket in Burgundy Waffle Block Check","Haygen",https://www.haygenshop.com/products/tbco-recycled-wool-blanket-in-burgundy-waffle-block-check,,"Source: K",94.99,"Home and interiors",UNISEX,No,No,9
516,cmu5c0itr007iksb0vp35q1an,"Tennis Chain Necklace in Gold","Shop Contemporary Jewellery to Stack & Style",https://www.astridandmiyu.com/products/tennis-chain-necklace-in-gold?mm_rf=mm_56568c6fa68f0ec3d53d,,"Source: K",120,"Home, Style & Objects > Jewellery",FEMALE,No,No,9
517,cmu5jl4ul00nkksb0zdd3dw6j,"Tennis Chain Necklace in Gold","Shop Contemporary Jewellery to Stack & Style",https://www.astridandmiyu.com/products/tennis-chain-necklace-in-gold?mm_rf=mm_56568c6fa68f0ec3d53d,,"Source: K",120,"Home, Style & Objects > Jewellery",FEMALE,No,No,9
518,cmu5jl5nx00nqksb0hkxjz9vz,"Tennis Round Bracelet","Missoma",https://www.missoma.com/products/tennis-round-bracelet-18ct-gold-vermeil-cubic-zirconia,,"Source: K",298,"Home, Style & Objects > Jewellery",FEMALE,No,No,9
519,cmu5c0k3q007qksb001eicruk,"Tennis Round Bracelet","Missoma",https://www.missoma.com/products/tennis-round-bracelet-18ct-gold-vermeil-cubic-zirconia,,"Source: K",298,"Home, Style & Objects > Jewellery",FEMALE,No,No,9
520,cmu5jlhft00pwksb0mvxhcarg,"Terracotta bumblebee pot","RHS Plants",https://www.rhsplants.co.uk/product/_/terracotta-bumblebee-pot/classid.2000050126/,,"Source: K",29.99,"Home, Style & Objects > Gardening",UNISEX,No,No,9
521,cmu5c10k100ahksb0a2lzsjxz,"Terracotta bumblebee pot","RHS Plants",https://www.rhsplants.co.uk/product/_/terracotta-bumblebee-pot/classid.2000050126/,,"Source: K",29.99,"Home, Style & Objects > Gardening",UNISEX,No,No,9
522,cmu5c06g4005iksb0b15yyyer,"The Banyan Wood Watch","Ziracle",https://www.ziracle.com/apparel/jewellery/watches/banyan/,,"Watches
Source: K",299,"Lifestyle & Wellbeing > Sustainability & eco living",MALE,No,No,17
523,cmu5jkw3100m0ksb04o0jshdm,"The Banyan Wood Watch","Ziracle",https://www.ziracle.com/apparel/jewellery/watches/banyan/,,"Watches
Source: K",299,"Lifestyle & Wellbeing > Sustainability & eco living",MALE,No,No,17
524,cmu5jo8rj013lksb03mv7r1yc,"The Craft Adventure Box","thecraftadventurebox.com",https://thecraftadventurebox.com/,,"Subscription from £20 a month
Source: G",20,"Children",UNISEX,No,No,39
525,cmu5jkk4e00juksb07uw8sed6,"The Daily Ritual Hamper - Filter Grind","Bro Coffee",https://brocoffee.co.uk/products/the-daily-ritual-hamper-filter?variant=55579892449662,,"Source: K",50,"Food & Drink > Coffee & Tea",UNISEX,No,No,9
526,cmu5bznxq002kksb06yk7s2gr,"The Daily Ritual Hamper - Filter Grind","Bro Coffee",https://brocoffee.co.uk/products/the-daily-ritual-hamper-filter?variant=55579892449662,,"Source: K",50,"Food & Drink > Coffee & Tea",UNISEX,No,No,9
527,cmu5c045f0056ksb0gjc46ma7,"The Lovat (one of the best green and sustainable hotels in the UK, dedicated to eco-friendly practices and carbon neutrality.)","The Lovat",https://thelovat.com/,,"Experiences, weekends away
Source: K",100,"Lifestyle & Wellbeing > Sustainability & eco living",UNISEX,No,No,36
528,cmu5jkv0000lsksb07yehs7ql,"The Lovat (one of the best green and sustainable hotels in the UK, dedicated to eco-friendly practices and carbon neutrality.)","The Lovat",https://thelovat.com/,,"Experiences, weekends away
Source: K",100,"Lifestyle & Wellbeing > Sustainability & eco living",UNISEX,No,No,36
529,cmu5jm01z00t8ksb0yie2xonj,"The Manincure Set","Beautifect",https://www.beautifect.com/products/the-manicure-case,,"Source: G",49,"Lifestyle & Wellbeing > Beauty & skincare",FEMALE,No,No,9
530,cmu5c1rj400esksb0s175zq05,"The Manincure Set","Beautifect",https://www.beautifect.com/products/the-manicure-case,,"Source: G",49,"Lifestyle & Wellbeing > Beauty & skincare",FEMALE,No,No,9
531,cmu5jn4020101ksb0vp1jgeqr,"The Peter Rabbit Library","Beatrix Potter Shop",https://www.beatrix-potter-shop.co.uk/product/the-peter-rabbit-library-2/,,"Source: K",25,"Children",UNISEX,No,No,9
532,cmu5c1dfa00ckksb0psla56ea,"Therabody Massage Gun","John Lewis",https://www.johnlewis.com/therabody-theragun-relief/sand/p111769752?s_ppc=5dx_mixed_fashion_BAU&tmad=c&tmcampid=2&gclid=15c1a1d11ef71f3896abcb8f7561fe73&gclsrc=3p.ds&msclkid=15c1a1d11ef71f3896abcb8f7561fe73&utm_source=bing&utm_medium=cpc&utm_campaign=PMax%3A%5BD%5D%3AFashion%20-%20%5BBG%5D%3AMenswear%20-%20%5BBO%5D%3ASports%20Fitness%20%26%20Wellbeing%20-%20Microsoft&utm_term=2324436301949098&utm_content=%5BBG%5D%3AMenswear%20Travel%20%26%20Sports%20-%20%5BBO%5D%3ASports%20Fitness%20%26%20Wellbeing,,"Source: G",129,"Lifestyle & Wellbeing > Wellness & self-care",UNISEX,No,No,9
533,cmu5jlqhk00riksb0q5aq1c4d,"Therabody Massage Gun","John Lewis",https://www.johnlewis.com/therabody-theragun-relief/sand/p111769752?s,,"Source: G",129,"Lifestyle & Wellbeing > Wellness & self-care",UNISEX,No,No,9
534,cmu5bzs4m0035ksb0dyg19aq6,"The Rare Tea Gift Collection","Not On The High Street",https://www.notonthehighstreet.com/rareteacompany/product/the-rare-tea-gift-collection,,"Source: K",124.99,"Food & Drink > Coffee & Tea",UNISEX,No,No,9
535,cmu5jknnb00kaksb0acrar7fn,"The Rare Tea Gift Collection","Not On The High Street",https://www.notonthehighstreet.com/rareteacompany/product/the-rare-tea-gift-collection,,"Source: K",124.99,"Food & Drink > Coffee & Tea",UNISEX,No,No,9
536,cmu5jkqd700kuksb0m197yogk,"The Rumbler Glass, x 2 - The Speciality Rum Glass","Dartington",https://www.dartington.co.uk/the-rumbler-pair.html,,"Source: K",50,"Food & Drink > Spirits & Cocktails > Rum",UNISEX,No,No,9
537,cmu5bzwgt003vksb0qmjlpmi4,"The Rumbler Glass, x 2 - The Speciality Rum Glass","Dartington",https://www.dartington.co.uk/the-rumbler-pair.html,,"Source: K",50,"Food & Drink > Spirits & Cocktails > Rum",UNISEX,No,No,9
538,cmu5c1ha900d9ksb0zc3ionny,"The Summer Scents Kit","Liberty",https://www.libertylondon.com/uk/the-summer-scents-kit-000879633.html,,"Source: G",110,"Lifestyle & Wellbeing > Beauty & skincare",FEMALE,No,No,9
539,cmu5jlt7400s2ksb0tk4dhwks,"The Summer Scents Kit","Liberty",https://www.libertylondon.com/uk/the-summer-scents-kit-000879633.html,,"Source: G",110,"Lifestyle & Wellbeing > Beauty & skincare",FEMALE,No,No,9
540,cmu5bz9c00004ksb0mf9x6j1n,"The Taste of Fortnum's Hamper","fortnumandmason.com",https://www.fortnumandmason.com/taste-of-fortnums-hamper,,"Source: K",75,"Food & Drink > Cooking & Food",UNISEX,No,No,9
541,cmu5jkbeb00i2ksb0qxyeacmg,"The Taste of Fortnum's Hamper","fortnumandmason.com",https://www.fortnumandmason.com/taste-of-fortnums-hamper,,"Source: K",75,"Food & Drink > Cooking & Food",UNISEX,No,No,9
542,cmu5jmh2q00w9ksb0yx63ij3r,"The Ultimate Golf Day VIP Packacge","Golf Gift Days",https://golfgiftdays.com/ten-rounds-golf-one-person/,,"Source: G",650,"Sport & Fitness > Golf",UNISEX,No,No,9
543,cmu5c145600b3ksb0rgpggih2,"The Ultimate Sophie Conran Gardening Toolkit – 13 Piece Gift Set","Allotmate",https://allotmate-essentials.com/products/the-ultimate-sophie-conran-gardening-toolkit-13-piece-gift-set-burgon-ball,,"Source: K",223.1,"Home, Style & Objects > Gardening",UNISEX,No,No,9
544,cmu5jljlt00qcksb0wiuik31a,"The Ultimate Sophie Conran Gardening Toolkit – 13 Piece Gift Set","Allotmate",https://allotmate-essentials.com/products/the-ultimate-sophie-conran-gardening-toolkit-13-piece-gift-set-burgon-ball,,"Source: K",223.1,"Home, Style & Objects > Gardening",UNISEX,No,No,9
545,cmu5jmm8o00x6ksb0wmvyngcw,"Tibetan Silver & Brass Om Pendant Necklace – Handcrafted in the Highlands","The Little Tibet",https://www.thelittletibet.com/collections/tibetan-crafted-jewellery/products/tibetan-silver-brass-om-pendant-necklace-handcrafted-in-the-highlandtibetan-silver-om-pendant-necklace,,"Source: K",170,"",UNISEX,No,No,9
546,cmu5jl84700o8ksb0y9i2x68e,"Tiffany Solitaire Diamond Earrings","Tiffany",https://www.tiffany.co.uk/jewelry/earrings/platinum-round-brilliant-diamonds-earrings-60006691.html,,"Source: K",1775,"Home, Style & Objects > Jewellery",FEMALE,No,No,9
547,cmu5c0nfm008cksb021x4q5fk,"Tiffany Solitaire Diamond Earrings","Tiffany",https://www.tiffany.co.uk/jewelry/earrings/platinum-round-brilliant-diamonds-earrings-60006691.html,,"Source: K",1775,"Home, Style & Objects > Jewellery",FEMALE,No,No,9
548,cmu5c0yhp00a3ksb01r6zofmq,"Tissot Le Locle 20th Anniversary","Tissot",https://www.tissotwatches.com/en-gb/T0062071103601.html,,"Source: K",785,"Home, Style & Objects > Watches",FEMALE,No,No,9
549,cmu5jlft100pkksb0kxtsw6p7,"Tissot Le Locle 20th Anniversary","Tissot",https://www.tissotwatches.com/en-gb/T0062071103601.html,,"Source: K",785,"Home, Style & Objects > Watches",FEMALE,No,No,9
550,cmu5c0yqy00a5ksb059d7x2l9,"Tissot Le Locle 29mm","Tissot",https://www.tissotwatches.com/en-gb/T0062071109600.html,,"Source: K",795,"Home, Style & Objects > Watches",FEMALE,No,No,9
551,cmu5jlg2t00pmksb0of5qcpys,"Tissot Le Locle 29mm","Tissot",https://www.tissotwatches.com/en-gb/T0062071109600.html,,"Source: K",795,"Home, Style & Objects > Watches",FEMALE,No,No,9
552,cmu5jla0d00okksb00zwc5kt4,"Tissot PRX 40mm","Tissot",https://www.tissotwatches.com/en-gb/T1374071105100.html,,"Source: K",640,"Home, Style & Objects > Watches",MALE,No,No,9
553,cmu5c0pqi008rksb0rm4c3xly,"Tissot PRX 40mm","Tissot",https://www.tissotwatches.com/en-gb/T1374071105100.html,,"Source: K",640,"Home, Style & Objects > Watches",MALE,No,No,9
554,cmu5jksa600l8ksb07v6lywl5,"Titanium Curved Flask","Snow Peak",https://www.snowpeak.co.uk/products/tw-116?variant=29231308013602&country=GB&currency=GBP,,"Source: K",140,"Food & Drink > Spirits & Cocktails",UNISEX,No,No,9
555,cmu5bzz1o004cksb0elbwlndh,"Titanium Curved Flask","Snow Peak",https://www.snowpeak.co.uk/products/tw-116?variant=29231308013602&country=GB&currency=GBP,,"Source: K",140,"Food & Drink > Spirits & Cocktails",UNISEX,No,No,9
556,cmu5jkke600jwksb0sv5r2tkd,"Titanium French Press","Snow Peak",https://www.snowpeak.co.uk/products/titanium-french-press-cs-111?variant=29231344091170,,"Source: K",53,"Food & Drink > Coffee & Tea",UNISEX,No,No,9
557,cmu5bzog3002nksb071jnuf3e,"Titanium French Press","Snow Peak",https://www.snowpeak.co.uk/products/titanium-french-press-cs-111?variant=29231344091170,,"Source: K",53,"Food & Drink > Coffee & Tea",UNISEX,No,No,9
558,cmu5jlolk00r4ksb05iah3sxm,"Tom Dixon Pose Portable Gold-Tone Lamp","Mr Porter",https://www.mrporter.com/en-gb/mens/product/tom-dixon/lifestyle/home-accessories/pose-portable-gold-tone-lamp/46376663162905780,,"Source: K",255,"Home, Style & Objects > Home and interiors",UNISEX,No,No,9
559,cmu5c1alp00c2ksb0chqxdveo,"Tom Dixon Pose Portable Gold-Tone Lamp","Mr Porter",https://www.mrporter.com/en-gb/mens/product/tom-dixon/lifestyle/home-accessories/pose-portable-gold-tone-lamp/46376663162905780,,"Source: K",255,"Home, Style & Objects > Home and interiors",UNISEX,No,No,9
560,cmu5jl2yc00n6ksb0xp1uityi,"Tom Ford For Men Oud Wood Conditioning Beard Oil, 30ml","John Lewis",https://www.johnlewis.com/tom-ford-for-men-oud-wood-conditioning-beard-oil-30ml/p2099248?size=30ml,,"Source: K",49,"Lifestyle & Wellbeing > Beauty & Skincare",MALE,No,No,9
561,cmu5c0g0k0071ksb0t0nbxsf5,"Tom Ford For Men Oud Wood Conditioning Beard Oil, 30ml","John Lewis",https://www.johnlewis.com/tom-ford-for-men-oud-wood-conditioning-beard-oil-30ml/p2099248?size=30ml,,"Source: K",49,"Lifestyle & Wellbeing > Beauty & Skincare",MALE,No,No,9
562,cmu5jn76g010fksb0qlc24a75,"Tovla Jr. Montessori Pizza-Making Kit","True Toys",https://truetoys.co.uk/products/tovla-jr-pizza-cooking-set,,"Source: K",14.99,"Children",UNISEX,No,No,9
563,cmu5c1fqp00cyksb0tif0gwp6,"Transparent Speakers","Mr Porter",https://www.mrporter.com/en-gb/mens/product/transparent-speaker/lifestyle/speakers/small-transparent-speaker/46376663162954653,,"Source: G",550,"Tech, Games and Curiousity > Tech & gadgets",UNISEX,No,No,9
564,cmu5jlru500rsksb0k9pl9mum,"Transparent Speakers","Mr Porter",https://www.mrporter.com/en-gb/mens/product/transparent-speaker/lifestyle/speakers/small-transparent-speaker/46376663162954653,,"Source: G",550,"Tech, Games and Curiousity > Tech & gadgets",UNISEX,No,No,9
565,cmu5c101i00aeksb0tualcji6,"Tree/woodland dedication","Woodland Trust",https://shop.woodlandtrust.org.uk/birthday,,"Source: K",20,"Home, Style & Objects > Gardening",UNISEX,No,No,9
566,cmu5jlh5w00puksb0on1hrczm,"Tree/woodland dedication","Woodland Trust",https://shop.woodlandtrust.org.uk/birthday,,"Source: K",20,"Home, Style & Objects > Gardening",UNISEX,No,No,9
567,cmu5jn36f00zwksb0nzqhsjr2,"Tumble Tower Game - Wooden Animal Blocks & Dice","Jacques",https://www.jaqueslondon.co.uk/products/lets-play-animal-tumble-tower?currency=GBP&country=GB&,,"Source: K",19.99,"Children",UNISEX,No,No,9
568,cmu5jmhcg00wbksb0d75qbqtl,"Two night Golf Break for 2 people","Golf Gift Days",https://golfgiftdays.com/two-night-golf-break-two-people/,,"Occasion: Any occasion
Source: G",900,"Sport & Fitness > Golf",UNISEX,No,No,32
569,cmu5bztei003dksb0hdynnnit,"Ultimate Bar Book","Blackwell's",https://blackwells.co.uk/bookshop/product/9780811843515,,"Source: K",14.99,"Food & Drink > Spirits & Cocktails",UNISEX,No,No,9
570,cmu5jkogm00kgksb0c2nbbbr6,"Ultimate Bar Book","Blackwell's",https://blackwells.co.uk/bookshop/product/9780811843515,,"Source: K",14.99,"Food & Drink > Spirits & Cocktails",UNISEX,No,No,9
571,cmu5jne4f0117ksb09bs54sdw,"Ultimate Go Karting Race Experience","TeamSport",https://www.team-sport.co.uk/go-karting,,"Source: K",30,"Children",MALE,No,No,9
572,cmu5jluk300scksb02tbnidm4,"Under Eye Mask","Collections – Dieux",https://www.dieuxskin.com/products/forever-eye-mask,,"Source: G",19,"Lifestyle & Wellbeing > Beauty & skincare",FEMALE,No,No,9
573,cmu5c1jn600dlksb03b4l3320,"Under Eye Mask","Collections – Dieux",https://www.dieuxskin.com/products/forever-eye-mask,,"Source: G",19,"Lifestyle & Wellbeing > Beauty & skincare",FEMALE,No,No,9
574,cmu5jlli900qoksb0m9gxrrq2,"Upton Canvas and Leather Apron","Workshop Heaven",https://workshopheaven.com/workshop-heaven-upton-canvas-and-leather-apron/,,"Source: K",75,"Home, Style & Objects > DIY and tools",UNISEX,No,No,9
575,cmu5c166p00bgksb0zkayz8zv,"Upton Canvas and Leather Apron","Workshop Heaven",https://workshopheaven.com/workshop-heaven-upton-canvas-and-leather-apron/,,"Source: K",75,"Home, Style & Objects > DIY and tools",UNISEX,No,No,9
576,cmu5jn8ca010nksb0tmdpz6zl,"Urban Return Ball","Very.co.uk",https://www.very.co.uk/football-flick-urban-return-ball/1600430666.prd,,"Source: K",38.99,"Children",MALE,No,No,9
577,cmu5jlwzq00ssksb0ntrp249d,"Vanilla Mochi Body Mist","Atelier Rebul",https://atelierrebul.co.uk/products/vanilla-mochi-hair-body-mist-100-ml,,"Source: G",25,"Lifestyle & Wellbeing > Beauty & skincare",FEMALE,No,No,9
578,cmu5c1mzf00e6ksb0sg4oz7p5,"Vanilla Mochi Body Mist","Atelier Rebul",https://atelierrebul.co.uk/products/vanilla-mochi-hair-body-mist-100-ml,,"Source: G",25,"Lifestyle & Wellbeing > Beauty & skincare",FEMALE,No,No,9
579,cmu5bzk3s001xksb0raezcdka,"Veuve Clicquot Yellow Label Magnum 150cl - In Black Gift Box","The Champagne and Gift Company",https://www.champagneandgifts.co.uk/veuve-clicquot-yellow-label-champagne-magnum-150cl-in-classique-black-presentation-box.html,,"Source: K",140,"Food & Drink > Wine, beer & drinks",UNISEX,No,No,9
580,cmu5jkhx700jeksb006equbey,"Veuve Clicquot Yellow Label Magnum 150cl - In Black Gift Box","The Champagne and Gift Company",https://www.champagneandgifts.co.uk/veuve-clicquot-yellow-label-champagne-magnum-150cl-in-classique-black-presentation-box.html,,"Source: K",140,"Food & Drink > Wine, beer & drinks",UNISEX,No,No,9
581,cmu5c0hah0079ksb0o8d6rrqs,"Victoria Beckham Beauty Suite 302 Eau de Parfum Gift Set","Selfridges",https://www.selfridges.com/GB/en/product/victoria-beckham-beauty-suite-302-eau-de-parfum-gift-set_R04455551,,"Source: K",208,"Lifestyle & Wellbeing > Beauty & Skincare",FEMALE,No,No,9
582,cmu5jl3rl00ncksb0v1yajf3a,"Victoria Beckham Beauty Suite 302 Eau de Parfum Gift Set","Selfridges",https://www.selfridges.com/GB/en/product/victoria-beckham-beauty-suite-302-eau-de-parfum-gift-set_R04455551,,"Source: K",208,"Lifestyle & Wellbeing > Beauty & Skincare",FEMALE,No,No,9
583,cmu5jmp8i00xpksb0jjiu342x,"Vintage Star Cushion","Melin Tregwynt - Woven in Wales",https://melintregwynt.co.uk/collections/cushions/products/vintage-star-cushion?variant=56093797876089,,"Source: K",59,"Home and interiors",UNISEX,No,No,9
584,cmu5jkdks00iiksb01tjkbi9y,"Vitamix Ascent A3500i Blender and Accessories Bundle","Harrods",https://www.harrods.com/en-gb/p/vitamix-ascent-a3500i-blender-and-accessories-bundle-000000000007832364,,"Source: K",899,"Food & Drink > Cooking & Food",UNISEX,No,No,9
585,cmu5bzco6000pksb0mtphku2r,"Vitamix Ascent A3500i Blender and Accessories Bundle","Harrods",https://www.harrods.com/en-gb/p/vitamix-ascent-a3500i-blender-and-accessories-bundle-000000000007832364,,"Source: K",899,"Food & Drink > Cooking & Food",UNISEX,No,No,9
586,cmu5c0w6x009oksb025h1f5re,"Vivienne Westwood Charterhouse","Goldsmiths",https://www.goldsmiths.co.uk/Vivienne-Westwood-Charterhouse-39.5mm-Ladies-Watch-+-Green-VV244PGRSL/p/17610977,,"Source: K",140,"Home, Style & Objects > Watches",FEMALE,No,No,9
587,cmu5jle6400p8ksb0l92dwg8l,"Vivienne Westwood Charterhouse","Goldsmiths",https://www.goldsmiths.co.uk/Vivienne-Westwood-Charterhouse-39.5mm-Ladies-Watch-+-Green-VV244PGRSL/p/17610977,,"Source: K",140,"Home, Style & Objects > Watches",FEMALE,No,No,9
588,cmu5jnx16012uksb0ozjhokkp,"Vtech Kidi® Dj Drums","hamleys.com",https://www.hamleys.com/kidi-dj-drums,,"Source: K",59.99,"Children",UNISEX,No,No,9
589,cmu5jnyby012wksb0t41nf8vu,"Vtech Kidizoom Printcam","hamleys.com",https://www.hamleys.com/kidizoom-printcam,,"Source: K",79.99,"Children",UNISEX,No,No,9
590,cmu5jlhpj00pyksb07v7xb53t,"Waterproof garden kneeler - khaki","RHS Plants",https://www.rhsplants.co.uk/product/_/waterproof-garden-kneeler-khaki/classid.2000048220/,,"Source: K",32.99,"Home, Style & Objects > Gardening",UNISEX,No,No,9
591,cmu5c10t700ajksb0dd1sdhce,"Waterproof garden kneeler - khaki","RHS Plants",https://www.rhsplants.co.uk/product/_/waterproof-garden-kneeler-khaki/classid.2000048220/,,"Source: K",32.99,"Home, Style & Objects > Gardening",UNISEX,No,No,9
592,cmu5jmf5v00vyksb04x7mrfa7,"Wembley Stadium Tour & Meal for two","Virgin Experience",https://www.virginexperiencedays.co.uk/product/wembley-stadium-and-two-course-meal-at-big-moes-for-two,,"Occasion: Any occasion
Source: G",94,"Sport & Fitness > Football",UNISEX,No,No,32
593,cmu5jkfr600iyksb0kqbsxmdp,"Whisky and Beer Pairing Masterclass for Two at Brewhouse and Kitchen","Virgin Experience",https://www.virginexperiencedays.co.uk/product/whisky-and-beer-pairing-masterclass-for-two-at-brewhouse-and-kitchen,,"Experiences
Source: K",82.5,"Food & Drink > Wine, beer & drinks",UNISEX,No,No,21
594,cmu5bzg08001aksb066iomnco,"Whisky and Beer Pairing Masterclass for Two at Brewhouse and Kitchen","Virgin Experience",https://www.virginexperiencedays.co.uk/product/whisky-and-beer-pairing-masterclass-for-two-at-brewhouse-and-kitchen,,"Experiences
Source: K",82.5,"Food & Drink > Wine, beer & drinks",UNISEX,No,No,21
595,cmu5jkqmy00kwksb0jj9e8oc5,"Whisky Blending Experience","Class Bento",https://classbento.co.uk/whisky-blending-experience-london,,"Experience
Source: K",75,"Food & Drink > Spirits & Cocktails > Whisky",UNISEX,No,No,20
596,cmu5bzwq1003xksb0a2j6r2z8,"Whisky Blending Experience","Class Bento",https://classbento.co.uk/whisky-blending-experience-london,,"Experience
Source: K",75,"Food & Drink > Spirits & Cocktails > Whisky",UNISEX,No,No,20
597,cmu5jmecl00vsksb0hg9707ey,"Wilson Advantage 11 piece golf set - steel","Affordable Golf",https://www.affordablegolf.co.uk/products/wilson-x31-advantage-11-piece-stand-bag-package-set-steel,,"Occasion: Any occasion
Source: G",379,"Sport & Fitness > Golf",UNISEX,No,No,32
598,cmu5jkgap00j2ksb0lkwikyic,"Wine Bestsellers Mix","Laithwaites",https://www.laithwaites.co.uk/wine-subscriptions/bestsellers,,"Source: K",95.88,"Food & Drink > Wine, beer & drinks",UNISEX,No,No,9
599,cmu5bzh14001gksb0wwea65md,"Wine Bestsellers Mix","Laithwaites",https://www.laithwaites.co.uk/wine-subscriptions/bestsellers,,"Source: K",95.88,"Food & Drink > Wine, beer & drinks",UNISEX,No,No,9
600,cmu5jnrns012mksb0qhv0fjmx,"Wooden Shuffleboard & Puck 2 in 1 Game","Crafts 4 Kids",https://www.crafts4kids.co.uk/products/djeco-games-of-skill-pass-animo?variant=57100159713653,,"Source: K",26.5,"Children",FEMALE,No,No,9
601,cmu5jn53q0108ksb06sasdhfh,"Woody Interactive Talking Action Figure, Toy Story","Disney Store",https://www.disneystore.co.uk/woody-interactive-talking-action-figure-toy-story-417138061238.html,,"Source: K",37,"Children",MALE,No,No,9
602,cmu5jlbpw00oqksb0pagbj3w3,"Yema Urban Traveller Swiss","Time in Hand",https://www.timeinhand.co.uk/product-page/urban-traveller-swiss,,"Source: K",905,"Home, Style & Objects > Watches",MALE,No,No,9
603,cmu5c0s3u0090ksb0rj9pr5s9,"Yema Urban Traveller Swiss","Time in Hand",https://www.timeinhand.co.uk/product-page/urban-traveller-swiss,,"Source: K",905,"Home, Style & Objects > Watches",MALE,No,No,9
604,cmu5bzhjk001jksb03pmwcfjs,"Young wine carafe 25,4oz - 25,4o","Peugeot",https://uk.peugeot-saveurs.com/en/variation-young-wine-carafe-25-4oz-25-4oz.html,,"Source: K",99.99,"Food & Drink > Wine, beer & drinks",UNISEX,No,No,9
605,cmu5jkgkf00j4ksb0nu23vrz1,"Young wine carafe 25,4oz - 25,4o","Peugeot",https://uk.peugeot-saveurs.com/en/variation-young-wine-carafe-25-4oz-25-4oz.html,,"Source: K",99.99,"Food & Drink > Wine, beer & drinks",UNISEX,No,No,9
606,cmu5jmop100xlksb0hapmaql2,"Yuta Segawa Vase Extra Large","Heal's",https://www.heals.com/products/yuta-segawa-vase-extra-large?variant=53414781550925,,"Source: K",48,"Home and interiors",UNISEX,No,No,9
607,cmu5jl3hs00naksb090xl9phj,"Yves Saint Laurent Icons Routine Gift Set","Sephora",https://www.sephora.co.uk/p/yves-saint-laurent-icons-routine-gift-set?option=88943curr=GBP,,"Source: K",123,"Lifestyle & Wellbeing > Beauty & Skincare",FEMALE,No,No,9
608,cmu5c0h1b0077ksb0vko3x8fp,"Yves Saint Laurent Icons Routine Gift Set","Sephora",https://www.sephora.co.uk/p/yves-saint-laurent-icons-routine-gift-set?option=88943curr=GBP,,"Source: K",123,"Lifestyle & Wellbeing > Beauty & Skincare",FEMALE,No,No,9
609,cmu5jl08q00mmksb0yzix53wd,"Zafu Meditation Cushion, Blanket & Eye Pillow Kit","Yoga Matters",https://www.yogamatters.com/products/new-yogamatters-zafu-meditation-cushion-blanket-eye-pillow-kit?variant=44427108352175&currency=GBP,,"Source: K",81,"Lifestyle & Wellbeing > Spirituality",UNISEX,No,No,9
610,cmu5c0c6c006cksb0dnnuyx7o,"Zafu Meditation Cushion, Blanket & Eye Pillow Kit","Yoga Matters",https://www.yogamatters.com/products/new-yogamatters-zafu-meditation-cushion-blanket-eye-pillow-kit?variant=44427108352175&currency=GBP,,"Source: K",81,"Lifestyle & Wellbeing > Spirituality",UNISEX,No,No,9
611,cmu5jkgu400j6ksb0x5vtds65,"Zalto Burgundy Wine Glasses / Set of 2","Borough Kitchen",https://www.boroughkitchen.com/products/zalto-burgundy-wine-glasses-set-of-2?variant=41621419163780,,"Source: K",105,"Food & Drink > Wine, beer & drinks",UNISEX,No,No,9
612,cmu5bzhsq001lksb02qb5z1dl,"Zalto Burgundy Wine Glasses / Set of 2","Borough Kitchen",https://www.boroughkitchen.com/products/zalto-burgundy-wine-glasses-set-of-2?variant=41621419163780,,"Source: K",105,"Food & Drink > Wine, beer & drinks",UNISEX,No,No,9
613,cmu5jkjuk00jsksb0t2ty2acc,"ZENS Modern Glass Infuser Teapot, One Touch Tea Maker for Loose Leaf Tea with Insulated Mug and Portable Case. Enchanted Pot Alternatives for Tea Lover Gifts","Ubuy",https://www.u-buy.co.uk/product/LTHHL39LK-zens-modern-glass-infuser-teapot-one-touch-tea-maker-for-loose-leaf-tea-with-insulated-mug-and-portable-case-enchanted-pot-alternatives-for-tea,,"Source: K",40,"Food & Drink > Coffee & Tea",UNISEX,No,No,9
614,cmu5bznfc002hksb04oeostok,"ZENS Modern Glass Infuser Teapot, One Touch Tea Maker for Loose Leaf Tea with Insulated Mug and Portable Case. Enchanted Pot Alternatives for Tea Lover Gifts","Ubuy",https://www.u-buy.co.uk/product/LTHHL39LK-zens-modern-glass-infuser-teapot-one-touch-tea-maker-for-loose-leaf-tea-with-insulated-mug-and-portable-case-enchanted-pot-alternatives-for-tea,,"Source: K",40,"Food & Drink > Coffee & Tea",UNISEX,No,No,9